grna_id	grna_target	chr	start	end
250514_VIC_CFB_TSS_Enhancers_1	ENSG00000174332	chr1	53738932.0	53738952.0
250514_VIC_CFB_TSS_Enhancers_2	ENSG00000174332	chr1	53738986.0	53739006.0
250514_VIC_CFB_TSS_Enhancers_3	ENSG00000174332	chr1	53738997.0	53739017.0
250514_VIC_CFB_TSS_Enhancers_4	ENSG00000174332	chr1	53739013.0	53739033.0
250514_VIC_CFB_TSS_Enhancers_5	ENSG00000174332	chr1	53739047.0	53739067.0
250514_VIC_CFB_TSS_Enhancers_6	ENSG00000174332	chr1	53739096.0	53739116.0
250514_VIC_CFB_TSS_Enhancers_7	ENSG00000174332	chr1	53739108.0	53739128.0
250514_VIC_CFB_TSS_Enhancers_8	ENSG00000174332	chr1	53739137.0	53739157.0
250514_VIC_CFB_TSS_Enhancers_9	ENSG00000174332	chr1	53739204.0	53739224.0
250514_VIC_CFB_TSS_Enhancers_10	ENSG00000174332	chr1	53739260.0	53739280.0
250514_VIC_CFB_TSS_Enhancers_11	ENSG00000174332	chr1	53739284.0	53739304.0
250514_VIC_CFB_TSS_Enhancers_12	ENSG00000174332	chr1	53739292.0	53739312.0
250514_VIC_CFB_TSS_Enhancers_13	ENSG00000174332	chr1	53739335.0	53739355.0
250514_VIC_CFB_TSS_Enhancers_14	ENSG00000174332	chr1	53739357.0	53739377.0
250514_VIC_CFB_TSS_Enhancers_15	ENSG00000174332	chr1	53739389.0	53739409.0
250514_VIC_CFB_TSS_Enhancers_16	ENSG00000162599	chr1	60865043.0	60865063.0
250514_VIC_CFB_TSS_Enhancers_17	ENSG00000162599	chr1	60865121.0	60865141.0
250514_VIC_CFB_TSS_Enhancers_18	ENSG00000162599	chr1	60865202.0	60865222.0
250514_VIC_CFB_TSS_Enhancers_19	ENSG00000162599	chr1	60865208.0	60865228.0
250514_VIC_CFB_TSS_Enhancers_20	ENSG00000162599	chr1	60865218.0	60865238.0
250514_VIC_CFB_TSS_Enhancers_21	ENSG00000162599	chr1	60865231.0	60865251.0
250514_VIC_CFB_TSS_Enhancers_22	ENSG00000162599	chr1	60865273.0	60865293.0
250514_VIC_CFB_TSS_Enhancers_23	ENSG00000162599	chr1	60865295.0	60865315.0
250514_VIC_CFB_TSS_Enhancers_24	ENSG00000162599	chr1	60865319.0	60865339.0
250514_VIC_CFB_TSS_Enhancers_25	ENSG00000162599	chr1	60865372.0	60865392.0
250514_VIC_CFB_TSS_Enhancers_26	ENSG00000162599	chr1	60865377.0	60865397.0
250514_VIC_CFB_TSS_Enhancers_27	ENSG00000162599	chr1	60865404.0	60865424.0
250514_VIC_CFB_TSS_Enhancers_28	ENSG00000162599	chr1	60865437.0	60865457.0
250514_VIC_CFB_TSS_Enhancers_29	ENSG00000162599	chr1	60865459.0	60865479.0
250514_VIC_CFB_TSS_Enhancers_30	ENSG00000162599	chr1	60865461.0	60865481.0
250514_VIC_CFB_TSS_Enhancers_31	ENSG00000162599	chr1	61082102.0	61082122.0
250514_VIC_CFB_TSS_Enhancers_32	ENSG00000162599	chr1	61082121.0	61082141.0
250514_VIC_CFB_TSS_Enhancers_33	ENSG00000162599	chr1	61082166.0	61082186.0
250514_VIC_CFB_TSS_Enhancers_34	ENSG00000162599	chr1	61082176.0	61082196.0
250514_VIC_CFB_TSS_Enhancers_35	ENSG00000162599	chr1	61082243.0	61082263.0
250514_VIC_CFB_TSS_Enhancers_36	ENSG00000162599	chr1	61082255.0	61082275.0
250514_VIC_CFB_TSS_Enhancers_37	ENSG00000162599	chr1	61082291.0	61082311.0
250514_VIC_CFB_TSS_Enhancers_38	ENSG00000162599	chr1	61082300.0	61082320.0
250514_VIC_CFB_TSS_Enhancers_39	ENSG00000162599	chr1	61082311.0	61082331.0
250514_VIC_CFB_TSS_Enhancers_40	ENSG00000162599	chr1	61082396.0	61082416.0
250514_VIC_CFB_TSS_Enhancers_41	ENSG00000162599	chr1	61082412.0	61082432.0
250514_VIC_CFB_TSS_Enhancers_42	ENSG00000162599	chr1	61082449.0	61082469.0
250514_VIC_CFB_TSS_Enhancers_43	ENSG00000162599	chr1	61082471.0	61082491.0
250514_VIC_CFB_TSS_Enhancers_44	ENSG00000162599	chr1	61082505.0	61082525.0
250514_VIC_CFB_TSS_Enhancers_45	ENSG00000162599	chr1	61082517.0	61082537.0
250514_VIC_CFB_TSS_Enhancers_136	FB_RYR2_enh_1	chr1	237031549.0	237031569.0
250514_VIC_CFB_TSS_Enhancers_137	FB_RYR2_enh_1	chr1	237031550.0	237031570.0
250514_VIC_CFB_TSS_Enhancers_138	FB_RYR2_enh_1	chr1	237031595.0	237031615.0
250514_VIC_CFB_TSS_Enhancers_139	FB_RYR2_enh_1	chr1	237031610.0	237031630.0
250514_VIC_CFB_TSS_Enhancers_140	FB_RYR2_enh_1	chr1	237031627.0	237031647.0
250514_VIC_CFB_TSS_Enhancers_141	FB_RYR2_enh_1	chr1	237031658.0	237031678.0
250514_VIC_CFB_TSS_Enhancers_142	FB_RYR2_enh_1	chr1	237031681.0	237031701.0
250514_VIC_CFB_TSS_Enhancers_143	FB_RYR2_enh_1	chr1	237031691.0	237031711.0
250514_VIC_CFB_TSS_Enhancers_144	FB_RYR2_enh_1	chr1	237031692.0	237031712.0
250514_VIC_CFB_TSS_Enhancers_145	FB_RYR2_enh_1	chr1	237031697.0	237031717.0
250514_VIC_CFB_TSS_Enhancers_146	FB_RYR2_enh_1	chr1	237031717.0	237031737.0
250514_VIC_CFB_TSS_Enhancers_147	FB_RYR2_enh_1	chr1	237031759.0	237031779.0
250514_VIC_CFB_TSS_Enhancers_148	FB_RYR2_enh_1	chr1	237031770.0	237031790.0
250514_VIC_CFB_TSS_Enhancers_149	FB_RYR2_enh_1	chr1	237031774.0	237031794.0
250514_VIC_CFB_TSS_Enhancers_150	FB_RYR2_enh_1	chr1	237031782.0	237031802.0
250514_VIC_CFB_TSS_Enhancers_166	ENSG00000171132	chr2	45651662.0	45651682.0
250514_VIC_CFB_TSS_Enhancers_167	ENSG00000171132	chr2	45651669.0	45651689.0
250514_VIC_CFB_TSS_Enhancers_168	ENSG00000171132	chr2	45651696.0	45651716.0
250514_VIC_CFB_TSS_Enhancers_169	ENSG00000171132	chr2	45651737.0	45651757.0
250514_VIC_CFB_TSS_Enhancers_170	ENSG00000171132	chr2	45651759.0	45651779.0
250514_VIC_CFB_TSS_Enhancers_171	ENSG00000171132	chr2	45651813.0	45651833.0
250514_VIC_CFB_TSS_Enhancers_172	ENSG00000171132	chr2	45651884.0	45651904.0
250514_VIC_CFB_TSS_Enhancers_173	ENSG00000171132	chr2	45651899.0	45651919.0
250514_VIC_CFB_TSS_Enhancers_174	ENSG00000171132	chr2	45651944.0	45651964.0
250514_VIC_CFB_TSS_Enhancers_175	ENSG00000171132	chr2	45651966.0	45651986.0
250514_VIC_CFB_TSS_Enhancers_176	ENSG00000171132	chr2	45651995.0	45652015.0
250514_VIC_CFB_TSS_Enhancers_177	ENSG00000171132	chr2	45652016.0	45652036.0
250514_VIC_CFB_TSS_Enhancers_178	ENSG00000171132	chr2	45652056.0	45652076.0
250514_VIC_CFB_TSS_Enhancers_179	ENSG00000171132	chr2	45652091.0	45652111.0
250514_VIC_CFB_TSS_Enhancers_180	ENSG00000171132	chr2	45652120.0	45652140.0
250514_VIC_CFB_TSS_Enhancers_181	ENSG00000179915	chr2	51032198.0	51032218.0
250514_VIC_CFB_TSS_Enhancers_182	ENSG00000179915	chr2	51032218.0	51032238.0
250514_VIC_CFB_TSS_Enhancers_183	ENSG00000179915	chr2	51032256.0	51032276.0
250514_VIC_CFB_TSS_Enhancers_184	ENSG00000179915	chr2	51032285.0	51032305.0
250514_VIC_CFB_TSS_Enhancers_185	ENSG00000179915	chr2	51032296.0	51032316.0
250514_VIC_CFB_TSS_Enhancers_186	ENSG00000179915	chr2	51032313.0	51032333.0
250514_VIC_CFB_TSS_Enhancers_187	ENSG00000179915	chr2	51032322.0	51032342.0
250514_VIC_CFB_TSS_Enhancers_188	ENSG00000179915	chr2	51032336.0	51032356.0
250514_VIC_CFB_TSS_Enhancers_189	ENSG00000179915	chr2	51032357.0	51032377.0
250514_VIC_CFB_TSS_Enhancers_190	ENSG00000179915	chr2	51032370.0	51032390.0
250514_VIC_CFB_TSS_Enhancers_191	ENSG00000179915	chr2	51032406.0	51032426.0
250514_VIC_CFB_TSS_Enhancers_192	ENSG00000179915	chr2	51032455.0	51032475.0
250514_VIC_CFB_TSS_Enhancers_193	ENSG00000179915	chr2	51032579.0	51032599.0
250514_VIC_CFB_TSS_Enhancers_194	ENSG00000179915	chr2	51032600.0	51032620.0
250514_VIC_CFB_TSS_Enhancers_195	ENSG00000179915	chr2	51032608.0	51032628.0
250514_VIC_CFB_TSS_Enhancers_211	ENSG00000135636	chr2	71453389.0	71453409.0
250514_VIC_CFB_TSS_Enhancers_212	ENSG00000135636	chr2	71453428.0	71453448.0
250514_VIC_CFB_TSS_Enhancers_213	ENSG00000135636	chr2	71453439.0	71453459.0
250514_VIC_CFB_TSS_Enhancers_214	ENSG00000135636	chr2	71453474.0	71453494.0
250514_VIC_CFB_TSS_Enhancers_215	ENSG00000135636	chr2	71453501.0	71453521.0
250514_VIC_CFB_TSS_Enhancers_216	ENSG00000135636	chr2	71453556.0	71453576.0
250514_VIC_CFB_TSS_Enhancers_217	ENSG00000135636	chr2	71453594.0	71453614.0
250514_VIC_CFB_TSS_Enhancers_218	ENSG00000135636	chr2	71453672.0	71453692.0
250514_VIC_CFB_TSS_Enhancers_219	ENSG00000135636	chr2	71453691.0	71453711.0
250514_VIC_CFB_TSS_Enhancers_220	ENSG00000135636	chr2	71453701.0	71453721.0
250514_VIC_CFB_TSS_Enhancers_221	ENSG00000135636	chr2	71453750.0	71453770.0
250514_VIC_CFB_TSS_Enhancers_222	ENSG00000135636	chr2	71453767.0	71453787.0
250514_VIC_CFB_TSS_Enhancers_223	ENSG00000135636	chr2	71453799.0	71453819.0
250514_VIC_CFB_TSS_Enhancers_224	ENSG00000135636	chr2	71453804.0	71453824.0
250514_VIC_CFB_TSS_Enhancers_225	ENSG00000135636	chr2	71453842.0	71453862.0
250514_VIC_CFB_TSS_Enhancers_241	VIC_CYP26B1_enh_1	chr2	71578725.0	71578745.0
250514_VIC_CFB_TSS_Enhancers_242	VIC_CYP26B1_enh_1	chr2	71578738.0	71578758.0
250514_VIC_CFB_TSS_Enhancers_243	VIC_CYP26B1_enh_1	chr2	71578744.0	71578764.0
250514_VIC_CFB_TSS_Enhancers_244	VIC_CYP26B1_enh_1	chr2	71578768.0	71578788.0
250514_VIC_CFB_TSS_Enhancers_245	VIC_CYP26B1_enh_1	chr2	71578786.0	71578806.0
250514_VIC_CFB_TSS_Enhancers_246	VIC_CYP26B1_enh_1	chr2	71578791.0	71578811.0
250514_VIC_CFB_TSS_Enhancers_247	VIC_CYP26B1_enh_1	chr2	71578817.0	71578837.0
250514_VIC_CFB_TSS_Enhancers_248	VIC_CYP26B1_enh_1	chr2	71578842.0	71578862.0
250514_VIC_CFB_TSS_Enhancers_249	VIC_CYP26B1_enh_1	chr2	71578853.0	71578873.0
250514_VIC_CFB_TSS_Enhancers_250	VIC_CYP26B1_enh_1	chr2	71578869.0	71578889.0
250514_VIC_CFB_TSS_Enhancers_251	VIC_CYP26B1_enh_1	chr2	71578874.0	71578894.0
250514_VIC_CFB_TSS_Enhancers_252	VIC_CYP26B1_enh_1	chr2	71578885.0	71578905.0
250514_VIC_CFB_TSS_Enhancers_253	VIC_CYP26B1_enh_1	chr2	71578908.0	71578928.0
250514_VIC_CFB_TSS_Enhancers_254	VIC_CYP26B1_enh_1	chr2	71578971.0	71578991.0
250514_VIC_CFB_TSS_Enhancers_255	VIC_CYP26B1_enh_1	chr2	71578982.0	71579002.0
250514_VIC_CFB_TSS_Enhancers_256	ENSG00000003137	chr2	72142837.0	72142857.0
250514_VIC_CFB_TSS_Enhancers_257	ENSG00000003137	chr2	72142889.0	72142909.0
250514_VIC_CFB_TSS_Enhancers_258	ENSG00000003137	chr2	72142940.0	72142960.0
250514_VIC_CFB_TSS_Enhancers_259	ENSG00000003137	chr2	72143002.0	72143022.0
250514_VIC_CFB_TSS_Enhancers_260	ENSG00000003137	chr2	72143020.0	72143040.0
250514_VIC_CFB_TSS_Enhancers_261	ENSG00000003137	chr2	72143056.0	72143076.0
250514_VIC_CFB_TSS_Enhancers_262	ENSG00000003137	chr2	72143064.0	72143084.0
250514_VIC_CFB_TSS_Enhancers_263	ENSG00000003137	chr2	72143067.0	72143087.0
250514_VIC_CFB_TSS_Enhancers_264	ENSG00000003137	chr2	72143122.0	72143142.0
250514_VIC_CFB_TSS_Enhancers_265	ENSG00000003137	chr2	72143181.0	72143201.0
250514_VIC_CFB_TSS_Enhancers_266	ENSG00000003137	chr2	72143203.0	72143223.0
250514_VIC_CFB_TSS_Enhancers_267	ENSG00000003137	chr2	72143251.0	72143271.0
250514_VIC_CFB_TSS_Enhancers_268	ENSG00000003137	chr2	72143258.0	72143278.0
250514_VIC_CFB_TSS_Enhancers_269	ENSG00000003137	chr2	72143295.0	72143315.0
250514_VIC_CFB_TSS_Enhancers_270	ENSG00000003137	chr2	72143311.0	72143331.0
250514_VIC_CFB_TSS_Enhancers_271	ENSG00000003137	chr2	72147623.0	72147643.0
250514_VIC_CFB_TSS_Enhancers_272	ENSG00000003137	chr2	72147642.0	72147662.0
250514_VIC_CFB_TSS_Enhancers_273	ENSG00000003137	chr2	72147654.0	72147674.0
250514_VIC_CFB_TSS_Enhancers_274	ENSG00000003137	chr2	72147674.0	72147694.0
250514_VIC_CFB_TSS_Enhancers_275	ENSG00000003137	chr2	72147699.0	72147719.0
250514_VIC_CFB_TSS_Enhancers_276	ENSG00000003137	chr2	72147750.0	72147770.0
250514_VIC_CFB_TSS_Enhancers_277	ENSG00000003137	chr2	72147770.0	72147790.0
250514_VIC_CFB_TSS_Enhancers_278	ENSG00000003137	chr2	72147812.0	72147832.0
250514_VIC_CFB_TSS_Enhancers_279	ENSG00000003137	chr2	72147830.0	72147850.0
250514_VIC_CFB_TSS_Enhancers_280	ENSG00000003137	chr2	72147855.0	72147875.0
250514_VIC_CFB_TSS_Enhancers_281	ENSG00000003137	chr2	72147889.0	72147909.0
250514_VIC_CFB_TSS_Enhancers_282	ENSG00000003137	chr2	72147935.0	72147955.0
250514_VIC_CFB_TSS_Enhancers_283	ENSG00000003137	chr2	72147984.0	72148004.0
250514_VIC_CFB_TSS_Enhancers_284	ENSG00000003137	chr2	72147999.0	72148019.0
250514_VIC_CFB_TSS_Enhancers_285	ENSG00000003137	chr2	72148047.0	72148067.0
250514_VIC_CFB_TSS_Enhancers_343	ENSG00000178568	chr2	212538384.0	212538404.0
250514_VIC_CFB_TSS_Enhancers_344	ENSG00000178568	chr2	212538402.0	212538422.0
250514_VIC_CFB_TSS_Enhancers_345	ENSG00000178568	chr2	212538418.0	212538438.0
250514_VIC_CFB_TSS_Enhancers_346	ENSG00000178568	chr2	212538444.0	212538464.0
250514_VIC_CFB_TSS_Enhancers_347	ENSG00000178568	chr2	212538450.0	212538470.0
250514_VIC_CFB_TSS_Enhancers_348	ENSG00000178568	chr2	212538480.0	212538500.0
250514_VIC_CFB_TSS_Enhancers_349	ENSG00000178568	chr2	212538501.0	212538521.0
250514_VIC_CFB_TSS_Enhancers_350	ENSG00000178568	chr2	212538552.0	212538572.0
250514_VIC_CFB_TSS_Enhancers_351	ENSG00000178568	chr2	212538587.0	212538607.0
250514_VIC_CFB_TSS_Enhancers_352	ENSG00000178568	chr2	212538658.0	212538678.0
250514_VIC_CFB_TSS_Enhancers_353	ENSG00000178568	chr2	212538680.0	212538700.0
250514_VIC_CFB_TSS_Enhancers_354	ENSG00000178568	chr2	212538688.0	212538708.0
250514_VIC_CFB_TSS_Enhancers_355	ENSG00000178568	chr2	212538706.0	212538726.0
250514_VIC_CFB_TSS_Enhancers_356	ENSG00000178568	chr2	212538796.0	212538816.0
250514_VIC_CFB_TSS_Enhancers_357	ENSG00000178568	chr2	212538826.0	212538846.0
250514_VIC_CFB_TSS_Enhancers_406	FB_LRRC3B_enh_1	chr3	27076927.0	27076947.0
250514_VIC_CFB_TSS_Enhancers_407	FB_LRRC3B_enh_1	chr3	27076930.0	27076950.0
250514_VIC_CFB_TSS_Enhancers_408	FB_LRRC3B_enh_1	chr3	27076960.0	27076980.0
250514_VIC_CFB_TSS_Enhancers_409	FB_LRRC3B_enh_1	chr3	27076966.0	27076986.0
250514_VIC_CFB_TSS_Enhancers_410	FB_LRRC3B_enh_1	chr3	27076982.0	27077002.0
250514_VIC_CFB_TSS_Enhancers_411	FB_LRRC3B_enh_1	chr3	27077015.0	27077035.0
250514_VIC_CFB_TSS_Enhancers_412	FB_LRRC3B_enh_1	chr3	27077038.0	27077058.0
250514_VIC_CFB_TSS_Enhancers_413	FB_LRRC3B_enh_1	chr3	27077044.0	27077064.0
250514_VIC_CFB_TSS_Enhancers_414	FB_LRRC3B_enh_1	chr3	27077093.0	27077113.0
250514_VIC_CFB_TSS_Enhancers_415	FB_LRRC3B_enh_1	chr3	27077104.0	27077124.0
250514_VIC_CFB_TSS_Enhancers_416	FB_LRRC3B_enh_1	chr3	27077105.0	27077125.0
250514_VIC_CFB_TSS_Enhancers_417	FB_LRRC3B_enh_1	chr3	27077112.0	27077132.0
250514_VIC_CFB_TSS_Enhancers_418	FB_LRRC3B_enh_1	chr3	27077119.0	27077139.0
250514_VIC_CFB_TSS_Enhancers_419	FB_LRRC3B_enh_1	chr3	27077123.0	27077143.0
250514_VIC_CFB_TSS_Enhancers_420	FB_LRRC3B_enh_1	chr3	27077153.0	27077173.0
250514_VIC_CFB_TSS_Enhancers_451	ENSG00000160145	chr3	124033119.0	124033139.0
250514_VIC_CFB_TSS_Enhancers_452	ENSG00000160145	chr3	124033136.0	124033156.0
250514_VIC_CFB_TSS_Enhancers_453	ENSG00000160145	chr3	124033144.0	124033164.0
250514_VIC_CFB_TSS_Enhancers_454	ENSG00000160145	chr3	124033157.0	124033177.0
250514_VIC_CFB_TSS_Enhancers_455	ENSG00000160145	chr3	124033269.0	124033289.0
250514_VIC_CFB_TSS_Enhancers_456	ENSG00000160145	chr3	124033364.0	124033384.0
250514_VIC_CFB_TSS_Enhancers_457	ENSG00000160145	chr3	124033396.0	124033416.0
250514_VIC_CFB_TSS_Enhancers_458	ENSG00000160145	chr3	124033461.0	124033481.0
250514_VIC_CFB_TSS_Enhancers_459	ENSG00000160145	chr3	124033474.0	124033494.0
250514_VIC_CFB_TSS_Enhancers_460	ENSG00000160145	chr3	124033482.0	124033502.0
250514_VIC_CFB_TSS_Enhancers_461	ENSG00000160145	chr3	124033492.0	124033512.0
250514_VIC_CFB_TSS_Enhancers_462	ENSG00000160145	chr3	124033541.0	124033561.0
250514_VIC_CFB_TSS_Enhancers_463	ENSG00000160145	chr3	124033552.0	124033572.0
250514_VIC_CFB_TSS_Enhancers_464	ENSG00000160145	chr3	124033589.0	124033609.0
250514_VIC_CFB_TSS_Enhancers_465	ENSG00000160145	chr3	124033598.0	124033618.0
250514_VIC_CFB_TSS_Enhancers_466	ENSG00000160145	chr3	124584412.0	124584432.0
250514_VIC_CFB_TSS_Enhancers_467	ENSG00000160145	chr3	124584441.0	124584461.0
250514_VIC_CFB_TSS_Enhancers_468	ENSG00000160145	chr3	124584501.0	124584521.0
250514_VIC_CFB_TSS_Enhancers_469	ENSG00000160145	chr3	124584515.0	124584535.0
250514_VIC_CFB_TSS_Enhancers_470	ENSG00000160145	chr3	124584558.0	124584578.0
250514_VIC_CFB_TSS_Enhancers_471	ENSG00000160145	chr3	124584596.0	124584616.0
250514_VIC_CFB_TSS_Enhancers_472	ENSG00000160145	chr3	124584636.0	124584656.0
250514_VIC_CFB_TSS_Enhancers_473	ENSG00000160145	chr3	124584643.0	124584663.0
250514_VIC_CFB_TSS_Enhancers_474	ENSG00000160145	chr3	124584687.0	124584707.0
250514_VIC_CFB_TSS_Enhancers_475	ENSG00000160145	chr3	124584717.0	124584737.0
250514_VIC_CFB_TSS_Enhancers_476	ENSG00000160145	chr3	124584758.0	124584778.0
250514_VIC_CFB_TSS_Enhancers_477	ENSG00000160145	chr3	124584784.0	124584804.0
250514_VIC_CFB_TSS_Enhancers_478	ENSG00000160145	chr3	124584792.0	124584812.0
250514_VIC_CFB_TSS_Enhancers_479	ENSG00000160145	chr3	124584816.0	124584836.0
250514_VIC_CFB_TSS_Enhancers_480	ENSG00000160145	chr3	124584858.0	124584878.0
250514_VIC_CFB_TSS_Enhancers_481	ENSG00000085276	chr3	169146155.0	169146175.0
250514_VIC_CFB_TSS_Enhancers_482	ENSG00000085276	chr3	169146217.0	169146237.0
250514_VIC_CFB_TSS_Enhancers_483	ENSG00000085276	chr3	169146285.0	169146305.0
250514_VIC_CFB_TSS_Enhancers_484	ENSG00000085276	chr3	169146318.0	169146338.0
250514_VIC_CFB_TSS_Enhancers_485	ENSG00000085276	chr3	169146372.0	169146392.0
250514_VIC_CFB_TSS_Enhancers_486	ENSG00000085276	chr3	169146377.0	169146397.0
250514_VIC_CFB_TSS_Enhancers_487	ENSG00000085276	chr3	169146394.0	169146414.0
250514_VIC_CFB_TSS_Enhancers_488	ENSG00000085276	chr3	169146420.0	169146440.0
250514_VIC_CFB_TSS_Enhancers_489	ENSG00000085276	chr3	169146459.0	169146479.0
250514_VIC_CFB_TSS_Enhancers_490	ENSG00000085276	chr3	169146475.0	169146495.0
250514_VIC_CFB_TSS_Enhancers_491	ENSG00000085276	chr3	169146485.0	169146505.0
250514_VIC_CFB_TSS_Enhancers_492	ENSG00000085276	chr3	169146497.0	169146517.0
250514_VIC_CFB_TSS_Enhancers_493	ENSG00000085276	chr3	169146510.0	169146530.0
250514_VIC_CFB_TSS_Enhancers_494	ENSG00000085276	chr3	169146516.0	169146536.0
250514_VIC_CFB_TSS_Enhancers_495	ENSG00000085276	chr3	169146528.0	169146548.0
250514_VIC_CFB_TSS_Enhancers_496	ENSG00000085276	chr3	169147507.0	169147527.0
250514_VIC_CFB_TSS_Enhancers_497	ENSG00000085276	chr3	169147511.0	169147531.0
250514_VIC_CFB_TSS_Enhancers_498	ENSG00000085276	chr3	169147526.0	169147546.0
250514_VIC_CFB_TSS_Enhancers_499	ENSG00000085276	chr3	169147563.0	169147583.0
250514_VIC_CFB_TSS_Enhancers_500	ENSG00000085276	chr3	169147618.0	169147638.0
250514_VIC_CFB_TSS_Enhancers_501	ENSG00000085276	chr3	169147620.0	169147640.0
250514_VIC_CFB_TSS_Enhancers_502	ENSG00000085276	chr3	169147637.0	169147657.0
250514_VIC_CFB_TSS_Enhancers_503	ENSG00000085276	chr3	169147653.0	169147673.0
250514_VIC_CFB_TSS_Enhancers_504	ENSG00000085276	chr3	169147671.0	169147691.0
250514_VIC_CFB_TSS_Enhancers_505	ENSG00000085276	chr3	169147685.0	169147705.0
250514_VIC_CFB_TSS_Enhancers_506	ENSG00000085276	chr3	169147693.0	169147713.0
250514_VIC_CFB_TSS_Enhancers_507	ENSG00000085276	chr3	169147824.0	169147844.0
250514_VIC_CFB_TSS_Enhancers_508	ENSG00000085276	chr3	169147831.0	169147851.0
250514_VIC_CFB_TSS_Enhancers_509	ENSG00000085276	chr3	169147834.0	169147854.0
250514_VIC_CFB_TSS_Enhancers_510	ENSG00000085276	chr3	169147869.0	169147889.0
250514_VIC_CFB_TSS_Enhancers_556	ENSG00000138639	chr4	85778481.0	85778501.0
250514_VIC_CFB_TSS_Enhancers_557	ENSG00000138639	chr4	85778552.0	85778572.0
250514_VIC_CFB_TSS_Enhancers_558	ENSG00000138639	chr4	85778553.0	85778573.0
250514_VIC_CFB_TSS_Enhancers_559	ENSG00000138639	chr4	85778575.0	85778595.0
250514_VIC_CFB_TSS_Enhancers_560	ENSG00000138639	chr4	85778692.0	85778712.0
250514_VIC_CFB_TSS_Enhancers_561	ENSG00000138639	chr4	85778714.0	85778734.0
250514_VIC_CFB_TSS_Enhancers_562	ENSG00000138639	chr4	85778717.0	85778737.0
250514_VIC_CFB_TSS_Enhancers_563	ENSG00000138639	chr4	85778797.0	85778817.0
250514_VIC_CFB_TSS_Enhancers_564	ENSG00000138639	chr4	85778802.0	85778822.0
250514_VIC_CFB_TSS_Enhancers_565	ENSG00000138639	chr4	85778807.0	85778827.0
250514_VIC_CFB_TSS_Enhancers_566	ENSG00000138639	chr4	85778810.0	85778830.0
250514_VIC_CFB_TSS_Enhancers_567	ENSG00000138639	chr4	85778880.0	85778900.0
250514_VIC_CFB_TSS_Enhancers_568	ENSG00000138639	chr4	85778899.0	85778919.0
250514_VIC_CFB_TSS_Enhancers_569	ENSG00000138639	chr4	85778905.0	85778925.0
250514_VIC_CFB_TSS_Enhancers_570	ENSG00000138639	chr4	85778906.0	85778926.0
250514_VIC_CFB_TSS_Enhancers_571	FB_MAPK10_enh_1	chr4	85790659.0	85790679.0
250514_VIC_CFB_TSS_Enhancers_572	FB_MAPK10_enh_1	chr4	85790683.0	85790703.0
250514_VIC_CFB_TSS_Enhancers_573	FB_MAPK10_enh_1	chr4	85790707.0	85790727.0
250514_VIC_CFB_TSS_Enhancers_574	FB_MAPK10_enh_1	chr4	85790708.0	85790728.0
250514_VIC_CFB_TSS_Enhancers_575	FB_MAPK10_enh_1	chr4	85790724.0	85790744.0
250514_VIC_CFB_TSS_Enhancers_576	FB_MAPK10_enh_1	chr4	85790733.0	85790753.0
250514_VIC_CFB_TSS_Enhancers_577	FB_MAPK10_enh_1	chr4	85790780.0	85790800.0
250514_VIC_CFB_TSS_Enhancers_578	FB_MAPK10_enh_1	chr4	85790789.0	85790809.0
250514_VIC_CFB_TSS_Enhancers_579	FB_MAPK10_enh_1	chr4	85790862.0	85790882.0
250514_VIC_CFB_TSS_Enhancers_580	FB_MAPK10_enh_1	chr4	85790881.0	85790901.0
250514_VIC_CFB_TSS_Enhancers_581	FB_MAPK10_enh_1	chr4	85790895.0	85790915.0
250514_VIC_CFB_TSS_Enhancers_582	FB_MAPK10_enh_1	chr4	85790929.0	85790949.0
250514_VIC_CFB_TSS_Enhancers_598	ENSG00000109339	chr4	86594378.0	86594398.0
250514_VIC_CFB_TSS_Enhancers_599	ENSG00000109339	chr4	86594405.0	86594425.0
250514_VIC_CFB_TSS_Enhancers_600	ENSG00000109339	chr4	86594422.0	86594442.0
250514_VIC_CFB_TSS_Enhancers_601	ENSG00000109339	chr4	86594485.0	86594505.0
250514_VIC_CFB_TSS_Enhancers_602	ENSG00000109339	chr4	86594494.0	86594514.0
250514_VIC_CFB_TSS_Enhancers_603	ENSG00000109339	chr4	86594544.0	86594564.0
250514_VIC_CFB_TSS_Enhancers_604	ENSG00000109339	chr4	86594568.0	86594588.0
250514_VIC_CFB_TSS_Enhancers_605	ENSG00000109339	chr4	86594626.0	86594646.0
250514_VIC_CFB_TSS_Enhancers_606	ENSG00000109339	chr4	86594658.0	86594678.0
250514_VIC_CFB_TSS_Enhancers_607	ENSG00000109339	chr4	86594683.0	86594703.0
250514_VIC_CFB_TSS_Enhancers_608	ENSG00000109339	chr4	86594725.0	86594745.0
250514_VIC_CFB_TSS_Enhancers_609	ENSG00000109339	chr4	86594745.0	86594765.0
250514_VIC_CFB_TSS_Enhancers_610	ENSG00000109339	chr4	86594752.0	86594772.0
250514_VIC_CFB_TSS_Enhancers_611	ENSG00000109339	chr4	86594785.0	86594805.0
250514_VIC_CFB_TSS_Enhancers_612	ENSG00000109339	chr4	86594809.0	86594829.0
250514_VIC_CFB_TSS_Enhancers_613	ENSG00000196159	chr4	125314669.0	125314689.0
250514_VIC_CFB_TSS_Enhancers_614	ENSG00000196159	chr4	125314764.0	125314784.0
250514_VIC_CFB_TSS_Enhancers_615	ENSG00000196159	chr4	125314774.0	125314794.0
250514_VIC_CFB_TSS_Enhancers_616	ENSG00000196159	chr4	125314806.0	125314826.0
250514_VIC_CFB_TSS_Enhancers_617	ENSG00000196159	chr4	125314822.0	125314842.0
250514_VIC_CFB_TSS_Enhancers_618	ENSG00000196159	chr4	125314844.0	125314864.0
250514_VIC_CFB_TSS_Enhancers_619	ENSG00000196159	chr4	125314866.0	125314886.0
250514_VIC_CFB_TSS_Enhancers_620	ENSG00000196159	chr4	125314880.0	125314900.0
250514_VIC_CFB_TSS_Enhancers_621	ENSG00000196159	chr4	125314892.0	125314912.0
250514_VIC_CFB_TSS_Enhancers_622	ENSG00000196159	chr4	125314921.0	125314941.0
250514_VIC_CFB_TSS_Enhancers_623	ENSG00000196159	chr4	125314951.0	125314971.0
250514_VIC_CFB_TSS_Enhancers_624	ENSG00000196159	chr4	125315029.0	125315049.0
250514_VIC_CFB_TSS_Enhancers_625	ENSG00000196159	chr4	125315087.0	125315107.0
250514_VIC_CFB_TSS_Enhancers_626	ENSG00000196159	chr4	125315116.0	125315136.0
250514_VIC_CFB_TSS_Enhancers_627	ENSG00000196159	chr4	125315140.0	125315160.0
250514_VIC_CFB_TSS_Enhancers_643	FB_EDNRA_enh_1	chr4	147354996.0	147355016.0
250514_VIC_CFB_TSS_Enhancers_644	FB_EDNRA_enh_1	chr4	147355027.0	147355047.0
250514_VIC_CFB_TSS_Enhancers_645	FB_EDNRA_enh_1	chr4	147355040.0	147355060.0
250514_VIC_CFB_TSS_Enhancers_646	FB_EDNRA_enh_1	chr4	147355048.0	147355068.0
250514_VIC_CFB_TSS_Enhancers_647	FB_EDNRA_enh_1	chr4	147355093.0	147355113.0
250514_VIC_CFB_TSS_Enhancers_648	FB_EDNRA_enh_1	chr4	147355094.0	147355114.0
250514_VIC_CFB_TSS_Enhancers_649	FB_EDNRA_enh_1	chr4	147355155.0	147355175.0
250514_VIC_CFB_TSS_Enhancers_650	FB_EDNRA_enh_1	chr4	147355177.0	147355197.0
250514_VIC_CFB_TSS_Enhancers_651	FB_EDNRA_enh_1	chr4	147355222.0	147355242.0
250514_VIC_CFB_TSS_Enhancers_652	FB_EDNRA_enh_1	chr4	147355227.0	147355247.0
250514_VIC_CFB_TSS_Enhancers_653	FB_EDNRA_enh_1	chr4	147355232.0	147355252.0
250514_VIC_CFB_TSS_Enhancers_654	FB_EDNRA_enh_1	chr4	147355233.0	147355253.0
250514_VIC_CFB_TSS_Enhancers_655	FB_EDNRA_enh_2	chr4	147361721.0	147361741.0
250514_VIC_CFB_TSS_Enhancers_656	FB_EDNRA_enh_2	chr4	147361736.0	147361756.0
250514_VIC_CFB_TSS_Enhancers_657	FB_EDNRA_enh_2	chr4	147361740.0	147361760.0
250514_VIC_CFB_TSS_Enhancers_658	FB_EDNRA_enh_2	chr4	147361801.0	147361821.0
250514_VIC_CFB_TSS_Enhancers_659	FB_EDNRA_enh_2	chr4	147361802.0	147361822.0
250514_VIC_CFB_TSS_Enhancers_660	FB_EDNRA_enh_2	chr4	147361808.0	147361828.0
250514_VIC_CFB_TSS_Enhancers_661	FB_EDNRA_enh_2	chr4	147361809.0	147361829.0
250514_VIC_CFB_TSS_Enhancers_662	FB_EDNRA_enh_2	chr4	147361834.0	147361854.0
250514_VIC_CFB_TSS_Enhancers_663	FB_EDNRA_enh_2	chr4	147361838.0	147361858.0
250514_VIC_CFB_TSS_Enhancers_664	FB_EDNRA_enh_2	chr4	147361865.0	147361885.0
250514_VIC_CFB_TSS_Enhancers_665	FB_EDNRA_enh_2	chr4	147361906.0	147361926.0
250514_VIC_CFB_TSS_Enhancers_666	FB_EDNRA_enh_2	chr4	147361970.0	147361990.0
250514_VIC_CFB_TSS_Enhancers_667	FB_EDNRA_enh_2	chr4	147361989.0	147362009.0
250514_VIC_CFB_TSS_Enhancers_668	FB_EDNRA_enh_3	chr4	147362898.0	147362918.0
250514_VIC_CFB_TSS_Enhancers_669	FB_EDNRA_enh_3	chr4	147362906.0	147362926.0
250514_VIC_CFB_TSS_Enhancers_670	FB_EDNRA_enh_3	chr4	147362954.0	147362974.0
250514_VIC_CFB_TSS_Enhancers_671	FB_EDNRA_enh_3	chr4	147362981.0	147363001.0
250514_VIC_CFB_TSS_Enhancers_672	FB_EDNRA_enh_3	chr4	147362997.0	147363017.0
250514_VIC_CFB_TSS_Enhancers_673	FB_EDNRA_enh_3	chr4	147362999.0	147363019.0
250514_VIC_CFB_TSS_Enhancers_674	FB_EDNRA_enh_3	chr4	147363056.0	147363076.0
250514_VIC_CFB_TSS_Enhancers_675	FB_EDNRA_enh_3	chr4	147363068.0	147363088.0
250514_VIC_CFB_TSS_Enhancers_676	FB_EDNRA_enh_3	chr4	147363072.0	147363092.0
250514_VIC_CFB_TSS_Enhancers_677	FB_EDNRA_enh_3	chr4	147363088.0	147363108.0
250514_VIC_CFB_TSS_Enhancers_678	FB_EDNRA_enh_3	chr4	147363116.0	147363136.0
250514_VIC_CFB_TSS_Enhancers_679	FB_EDNRA_enh_3	chr4	147363139.0	147363159.0
250514_VIC_CFB_TSS_Enhancers_680	FB_EDNRA_enh_3	chr4	147363185.0	147363205.0
250514_VIC_CFB_TSS_Enhancers_681	FB_EDNRA_enh_3	chr4	147363254.0	147363274.0
250514_VIC_CFB_TSS_Enhancers_682	FB_EDNRA_enh_3	chr4	147363281.0	147363301.0
250514_VIC_CFB_TSS_Enhancers_683	FB_EDNRA_enh_4	chr4	147453593.0	147453613.0
250514_VIC_CFB_TSS_Enhancers_684	FB_EDNRA_enh_4	chr4	147453598.0	147453618.0
250514_VIC_CFB_TSS_Enhancers_685	FB_EDNRA_enh_4	chr4	147453662.0	147453682.0
250514_VIC_CFB_TSS_Enhancers_686	FB_EDNRA_enh_4	chr4	147453666.0	147453686.0
250514_VIC_CFB_TSS_Enhancers_687	FB_EDNRA_enh_4	chr4	147453668.0	147453688.0
250514_VIC_CFB_TSS_Enhancers_688	FB_EDNRA_enh_4	chr4	147453693.0	147453713.0
250514_VIC_CFB_TSS_Enhancers_689	FB_EDNRA_enh_4	chr4	147453745.0	147453765.0
250514_VIC_CFB_TSS_Enhancers_690	FB_EDNRA_enh_4	chr4	147453770.0	147453790.0
250514_VIC_CFB_TSS_Enhancers_691	FB_EDNRA_enh_4	chr4	147453771.0	147453791.0
250514_VIC_CFB_TSS_Enhancers_692	FB_EDNRA_enh_4	chr4	147453799.0	147453819.0
250514_VIC_CFB_TSS_Enhancers_693	FB_EDNRA_enh_4	chr4	147453800.0	147453820.0
250514_VIC_CFB_TSS_Enhancers_694	FB_EDNRA_enh_4	chr4	147453804.0	147453824.0
250514_VIC_CFB_TSS_Enhancers_695	FB_EDNRA_enh_4	chr4	147453819.0	147453839.0
250514_VIC_CFB_TSS_Enhancers_696	FB_EDNRA_enh_4	chr4	147453823.0	147453843.0
250514_VIC_CFB_TSS_Enhancers_697	FB_EDNRA_enh_4	chr4	147453872.0	147453892.0
250514_VIC_CFB_TSS_Enhancers_698	FB_EDNRA_enh_5	chr4	147480018.0	147480038.0
250514_VIC_CFB_TSS_Enhancers_699	FB_EDNRA_enh_5	chr4	147480066.0	147480086.0
250514_VIC_CFB_TSS_Enhancers_700	FB_EDNRA_enh_5	chr4	147480089.0	147480109.0
250514_VIC_CFB_TSS_Enhancers_701	FB_EDNRA_enh_5	chr4	147480094.0	147480114.0
250514_VIC_CFB_TSS_Enhancers_702	FB_EDNRA_enh_5	chr4	147480097.0	147480117.0
250514_VIC_CFB_TSS_Enhancers_703	FB_EDNRA_enh_5	chr4	147480195.0	147480215.0
250514_VIC_CFB_TSS_Enhancers_734	VIC_ANKH_enh_1	chr5	15007733.0	15007753.0
250514_VIC_CFB_TSS_Enhancers_735	VIC_ANKH_enh_1	chr5	15007737.0	15007757.0
250514_VIC_CFB_TSS_Enhancers_736	VIC_ANKH_enh_1	chr5	15007832.0	15007852.0
250514_VIC_CFB_TSS_Enhancers_737	VIC_ANKH_enh_1	chr5	15007861.0	15007881.0
250514_VIC_CFB_TSS_Enhancers_738	VIC_ANKH_enh_1	chr5	15007862.0	15007882.0
250514_VIC_CFB_TSS_Enhancers_739	VIC_ANKH_enh_1	chr5	15007883.0	15007903.0
250514_VIC_CFB_TSS_Enhancers_740	VIC_ANKH_enh_1	chr5	15007906.0	15007926.0
250514_VIC_CFB_TSS_Enhancers_741	VIC_ANKH_enh_1	chr5	15007919.0	15007939.0
250514_VIC_CFB_TSS_Enhancers_742	VIC_ANKH_enh_1	chr5	15007920.0	15007940.0
250514_VIC_CFB_TSS_Enhancers_743	VIC_ANKH_enh_1	chr5	15007937.0	15007957.0
250514_VIC_CFB_TSS_Enhancers_744	VIC_ANKH_enh_1	chr5	15007938.0	15007958.0
250514_VIC_CFB_TSS_Enhancers_745	VIC_ANKH_enh_2	chr5	15013918.0	15013938.0
250514_VIC_CFB_TSS_Enhancers_746	VIC_ANKH_enh_2	chr5	15013943.0	15013963.0
250514_VIC_CFB_TSS_Enhancers_747	VIC_ANKH_enh_2	chr5	15013944.0	15013964.0
250514_VIC_CFB_TSS_Enhancers_748	VIC_ANKH_enh_2	chr5	15013959.0	15013979.0
250514_VIC_CFB_TSS_Enhancers_749	VIC_ANKH_enh_2	chr5	15014014.0	15014034.0
250514_VIC_CFB_TSS_Enhancers_750	VIC_ANKH_enh_2	chr5	15014015.0	15014035.0
250514_VIC_CFB_TSS_Enhancers_751	VIC_ANKH_enh_2	chr5	15014056.0	15014076.0
250514_VIC_CFB_TSS_Enhancers_752	VIC_ANKH_enh_2	chr5	15014057.0	15014077.0
250514_VIC_CFB_TSS_Enhancers_753	VIC_ANKH_enh_2	chr5	15014086.0	15014106.0
250514_VIC_CFB_TSS_Enhancers_754	VIC_ANKH_enh_2	chr5	15014091.0	15014111.0
250514_VIC_CFB_TSS_Enhancers_755	VIC_ANKH_enh_2	chr5	15014112.0	15014132.0
250514_VIC_CFB_TSS_Enhancers_756	VIC_ANKH_enh_2	chr5	15014131.0	15014151.0
250514_VIC_CFB_TSS_Enhancers_757	VIC_ANKH_enh_2	chr5	15014147.0	15014167.0
250514_VIC_CFB_TSS_Enhancers_758	VIC_NPR3_enh_1	chr5	32628269.0	32628289.0
250514_VIC_CFB_TSS_Enhancers_759	VIC_NPR3_enh_1	chr5	32628277.0	32628297.0
250514_VIC_CFB_TSS_Enhancers_760	VIC_NPR3_enh_1	chr5	32628310.0	32628330.0
250514_VIC_CFB_TSS_Enhancers_761	VIC_NPR3_enh_1	chr5	32628321.0	32628341.0
250514_VIC_CFB_TSS_Enhancers_762	VIC_NPR3_enh_1	chr5	32628340.0	32628360.0
250514_VIC_CFB_TSS_Enhancers_763	VIC_NPR3_enh_1	chr5	32628377.0	32628397.0
250514_VIC_CFB_TSS_Enhancers_764	VIC_NPR3_enh_1	chr5	32628386.0	32628406.0
250514_VIC_CFB_TSS_Enhancers_765	VIC_NPR3_enh_1	chr5	32628420.0	32628440.0
250514_VIC_CFB_TSS_Enhancers_766	VIC_NPR3_enh_1	chr5	32628425.0	32628445.0
250514_VIC_CFB_TSS_Enhancers_767	VIC_NPR3_enh_1	chr5	32628431.0	32628451.0
250514_VIC_CFB_TSS_Enhancers_768	VIC_NPR3_enh_1	chr5	32628432.0	32628452.0
250514_VIC_CFB_TSS_Enhancers_769	VIC_NPR3_enh_1	chr5	32628439.0	32628459.0
250514_VIC_CFB_TSS_Enhancers_770	VIC_NPR3_enh_1	chr5	32628472.0	32628492.0
250514_VIC_CFB_TSS_Enhancers_771	VIC_NPR3_enh_1	chr5	32628478.0	32628498.0
250514_VIC_CFB_TSS_Enhancers_772	VIC_NPR3_enh_1	chr5	32628506.0	32628526.0
250514_VIC_CFB_TSS_Enhancers_773	VIC_NPR3_enh_2	chr5	32629052.0	32629072.0
250514_VIC_CFB_TSS_Enhancers_774	VIC_NPR3_enh_2	chr5	32629052.0	32629072.0
250514_VIC_CFB_TSS_Enhancers_775	VIC_NPR3_enh_2	chr5	32629053.0	32629073.0
250514_VIC_CFB_TSS_Enhancers_776	VIC_NPR3_enh_2	chr5	32629196.0	32629216.0
250514_VIC_CFB_TSS_Enhancers_777	VIC_NPR3_enh_2	chr5	32629259.0	32629279.0
250514_VIC_CFB_TSS_Enhancers_778	VIC_NPR3_enh_2	chr5	32629305.0	32629325.0
250514_VIC_CFB_TSS_Enhancers_779	VIC_NPR3_enh_2	chr5	32629310.0	32629330.0
250514_VIC_CFB_TSS_Enhancers_780	VIC_NPR3_enh_2	chr5	32629433.0	32629453.0
250514_VIC_CFB_TSS_Enhancers_781	ENSG00000113389	chr5	32710404.0	32710424.0
250514_VIC_CFB_TSS_Enhancers_782	ENSG00000113389	chr5	32710460.0	32710480.0
250514_VIC_CFB_TSS_Enhancers_783	ENSG00000113389	chr5	32710497.0	32710517.0
250514_VIC_CFB_TSS_Enhancers_784	ENSG00000113389	chr5	32710524.0	32710544.0
250514_VIC_CFB_TSS_Enhancers_785	ENSG00000113389	chr5	32710557.0	32710577.0
250514_VIC_CFB_TSS_Enhancers_786	ENSG00000113389	chr5	32710565.0	32710585.0
250514_VIC_CFB_TSS_Enhancers_787	ENSG00000113389	chr5	32710623.0	32710643.0
250514_VIC_CFB_TSS_Enhancers_788	ENSG00000113389	chr5	32710636.0	32710656.0
250514_VIC_CFB_TSS_Enhancers_789	ENSG00000113389	chr5	32710654.0	32710674.0
250514_VIC_CFB_TSS_Enhancers_790	ENSG00000113389	chr5	32710671.0	32710691.0
250514_VIC_CFB_TSS_Enhancers_791	ENSG00000113389	chr5	32710694.0	32710714.0
250514_VIC_CFB_TSS_Enhancers_792	ENSG00000113389	chr5	32710704.0	32710724.0
250514_VIC_CFB_TSS_Enhancers_793	ENSG00000113389	chr5	32710726.0	32710746.0
250514_VIC_CFB_TSS_Enhancers_794	ENSG00000113389	chr5	32710743.0	32710763.0
250514_VIC_CFB_TSS_Enhancers_795	ENSG00000113389	chr5	32710783.0	32710803.0
250514_VIC_CFB_TSS_Enhancers_811	ENSG00000079215	chr5	36606176.0	36606196.0
250514_VIC_CFB_TSS_Enhancers_812	ENSG00000079215	chr5	36606226.0	36606246.0
250514_VIC_CFB_TSS_Enhancers_813	ENSG00000079215	chr5	36606241.0	36606261.0
250514_VIC_CFB_TSS_Enhancers_814	ENSG00000079215	chr5	36606244.0	36606264.0
250514_VIC_CFB_TSS_Enhancers_815	ENSG00000079215	chr5	36606382.0	36606402.0
250514_VIC_CFB_TSS_Enhancers_816	ENSG00000079215	chr5	36606405.0	36606425.0
250514_VIC_CFB_TSS_Enhancers_817	ENSG00000079215	chr5	36606479.0	36606499.0
250514_VIC_CFB_TSS_Enhancers_818	ENSG00000079215	chr5	36606510.0	36606530.0
250514_VIC_CFB_TSS_Enhancers_819	ENSG00000079215	chr5	36606512.0	36606532.0
250514_VIC_CFB_TSS_Enhancers_820	ENSG00000079215	chr5	36606519.0	36606539.0
250514_VIC_CFB_TSS_Enhancers_821	ENSG00000079215	chr5	36606537.0	36606557.0
250514_VIC_CFB_TSS_Enhancers_822	ENSG00000079215	chr5	36606543.0	36606563.0
250514_VIC_CFB_TSS_Enhancers_823	ENSG00000079215	chr5	36606551.0	36606571.0
250514_VIC_CFB_TSS_Enhancers_824	ENSG00000079215	chr5	36606568.0	36606588.0
250514_VIC_CFB_TSS_Enhancers_825	ENSG00000079215	chr5	36606570.0	36606590.0
250514_VIC_CFB_TSS_Enhancers_841	ENSG00000081189	chr5	88785369.0	88785389.0
250514_VIC_CFB_TSS_Enhancers_842	ENSG00000081189	chr5	88785470.0	88785490.0
250514_VIC_CFB_TSS_Enhancers_843	ENSG00000081189	chr5	88785505.0	88785525.0
250514_VIC_CFB_TSS_Enhancers_844	ENSG00000081189	chr5	88785556.0	88785576.0
250514_VIC_CFB_TSS_Enhancers_845	ENSG00000081189	chr5	88785616.0	88785636.0
250514_VIC_CFB_TSS_Enhancers_846	ENSG00000081189	chr5	88785662.0	88785682.0
250514_VIC_CFB_TSS_Enhancers_892	ENSG00000185760	chr6	72621593.0	72621613.0
250514_VIC_CFB_TSS_Enhancers_893	ENSG00000185760	chr6	72621598.0	72621618.0
250514_VIC_CFB_TSS_Enhancers_894	ENSG00000185760	chr6	72621650.0	72621670.0
250514_VIC_CFB_TSS_Enhancers_895	ENSG00000185760	chr6	72621708.0	72621728.0
250514_VIC_CFB_TSS_Enhancers_896	ENSG00000185760	chr6	72621734.0	72621754.0
250514_VIC_CFB_TSS_Enhancers_897	ENSG00000185760	chr6	72621744.0	72621764.0
250514_VIC_CFB_TSS_Enhancers_898	ENSG00000185760	chr6	72621789.0	72621809.0
250514_VIC_CFB_TSS_Enhancers_899	ENSG00000185760	chr6	72621866.0	72621886.0
250514_VIC_CFB_TSS_Enhancers_900	ENSG00000185760	chr6	72621912.0	72621932.0
250514_VIC_CFB_TSS_Enhancers_901	ENSG00000185760	chr6	72621940.0	72621960.0
250514_VIC_CFB_TSS_Enhancers_902	ENSG00000185760	chr6	72622003.0	72622023.0
250514_VIC_CFB_TSS_Enhancers_903	ENSG00000185760	chr6	72622007.0	72622027.0
250514_VIC_CFB_TSS_Enhancers_904	ENSG00000185760	chr6	72622025.0	72622045.0
250514_VIC_CFB_TSS_Enhancers_905	ENSG00000185760	chr6	72622057.0	72622077.0
250514_VIC_CFB_TSS_Enhancers_906	ENSG00000185760	chr6	72622060.0	72622080.0
250514_VIC_CFB_TSS_Enhancers_937	FB_RSPO3_enh_1	chr6	126529608.0	126529628.0
250514_VIC_CFB_TSS_Enhancers_938	FB_RSPO3_enh_1	chr6	126529655.0	126529675.0
250514_VIC_CFB_TSS_Enhancers_939	FB_RSPO3_enh_1	chr6	126529673.0	126529693.0
250514_VIC_CFB_TSS_Enhancers_940	FB_RSPO3_enh_1	chr6	126529686.0	126529706.0
250514_VIC_CFB_TSS_Enhancers_941	FB_RSPO3_enh_1	chr6	126529772.0	126529792.0
250514_VIC_CFB_TSS_Enhancers_942	VIC_RSPO3_enh_1	chr6	126529828.0	126529848.0
250514_VIC_CFB_TSS_Enhancers_943	VIC_RSPO3_enh_1	chr6	126529908.0	126529928.0
250514_VIC_CFB_TSS_Enhancers_944	VIC_RSPO3_enh_1	chr6	126529935.0	126529955.0
250514_VIC_CFB_TSS_Enhancers_945	VIC_RSPO3_enh_1	chr6	126529943.0	126529963.0
250514_VIC_CFB_TSS_Enhancers_946	VIC_RSPO3_enh_1	chr6	126529958.0	126529978.0
250514_VIC_CFB_TSS_Enhancers_947	VIC_RSPO3_enh_1	chr6	126530025.0	126530045.0
250514_VIC_CFB_TSS_Enhancers_948	VIC_RSPO3_enh_1	chr6	126530031.0	126530051.0
250514_VIC_CFB_TSS_Enhancers_949	FB_RSPO3_enh_1	chr6	126530045.0	126530065.0
250514_VIC_CFB_TSS_Enhancers_950	VIC_RSPO3_enh_1	chr6	126530046.0	126530066.0
250514_VIC_CFB_TSS_Enhancers_951	VIC_RSPO3_enh_1	chr6	126530047.0	126530067.0
250514_VIC_CFB_TSS_Enhancers_982	VIC_ARID1B_enh_1	chr6	157020962.0	157020982.0
250514_VIC_CFB_TSS_Enhancers_983	VIC_ARID1B_enh_1	chr6	157020996.0	157021016.0
250514_VIC_CFB_TSS_Enhancers_984	VIC_ARID1B_enh_1	chr6	157021028.0	157021048.0
250514_VIC_CFB_TSS_Enhancers_985	VIC_ARID1B_enh_1	chr6	157021032.0	157021052.0
250514_VIC_CFB_TSS_Enhancers_986	VIC_ARID1B_enh_1	chr6	157021036.0	157021056.0
250514_VIC_CFB_TSS_Enhancers_987	VIC_ARID1B_enh_1	chr6	157021039.0	157021059.0
250514_VIC_CFB_TSS_Enhancers_988	VIC_ARID1B_enh_1	chr6	157021042.0	157021062.0
250514_VIC_CFB_TSS_Enhancers_989	VIC_ARID1B_enh_1	chr6	157021046.0	157021066.0
250514_VIC_CFB_TSS_Enhancers_990	VIC_ARID1B_enh_1	chr6	157021075.0	157021095.0
250514_VIC_CFB_TSS_Enhancers_991	VIC_ARID1B_enh_1	chr6	157021098.0	157021118.0
250514_VIC_CFB_TSS_Enhancers_992	VIC_ARID1B_enh_1	chr6	157021100.0	157021120.0
250514_VIC_CFB_TSS_Enhancers_993	VIC_ARID1B_enh_1	chr6	157021131.0	157021151.0
250514_VIC_CFB_TSS_Enhancers_994	VIC_ARID1B_enh_1	chr6	157021169.0	157021189.0
250514_VIC_CFB_TSS_Enhancers_995	VIC_ARID1B_enh_1	chr6	157021193.0	157021213.0
250514_VIC_CFB_TSS_Enhancers_996	VIC_ARID1B_enh_1	chr6	157021201.0	157021221.0
250514_VIC_CFB_TSS_Enhancers_997	VIC_ARID1B_enh_2	chr6	157021377.0	157021397.0
250514_VIC_CFB_TSS_Enhancers_998	VIC_ARID1B_enh_2	chr6	157021384.0	157021404.0
250514_VIC_CFB_TSS_Enhancers_999	VIC_ARID1B_enh_2	chr6	157021393.0	157021413.0
250514_VIC_CFB_TSS_Enhancers_1000	VIC_ARID1B_enh_2	chr6	157021407.0	157021427.0
250514_VIC_CFB_TSS_Enhancers_1001	VIC_ARID1B_enh_2	chr6	157021450.0	157021470.0
250514_VIC_CFB_TSS_Enhancers_1002	VIC_ARID1B_enh_2	chr6	157021472.0	157021492.0
250514_VIC_CFB_TSS_Enhancers_1003	VIC_ARID1B_enh_2	chr6	157021476.0	157021496.0
250514_VIC_CFB_TSS_Enhancers_1004	VIC_ARID1B_enh_2	chr6	157021482.0	157021502.0
250514_VIC_CFB_TSS_Enhancers_1005	VIC_ARID1B_enh_2	chr6	157021516.0	157021536.0
250514_VIC_CFB_TSS_Enhancers_1006	VIC_ARID1B_enh_2	chr6	157021523.0	157021543.0
250514_VIC_CFB_TSS_Enhancers_1007	VIC_ARID1B_enh_2	chr6	157021574.0	157021594.0
250514_VIC_CFB_TSS_Enhancers_1008	VIC_ARID1B_enh_2	chr6	157021586.0	157021606.0
250514_VIC_CFB_TSS_Enhancers_1009	VIC_ARID1B_enh_2	chr6	157021625.0	157021645.0
250514_VIC_CFB_TSS_Enhancers_1010	VIC_ARID1B_enh_2	chr6	157021640.0	157021660.0
250514_VIC_CFB_TSS_Enhancers_1011	VIC_ARID1B_enh_2	chr6	157021653.0	157021673.0
250514_VIC_CFB_TSS_Enhancers_1012	VIC_ARID1B_enh_3	chr6	157022036.0	157022056.0
250514_VIC_CFB_TSS_Enhancers_1013	VIC_ARID1B_enh_3	chr6	157022056.0	157022076.0
250514_VIC_CFB_TSS_Enhancers_1014	VIC_ARID1B_enh_3	chr6	157022082.0	157022102.0
250514_VIC_CFB_TSS_Enhancers_1015	VIC_ARID1B_enh_3	chr6	157022097.0	157022117.0
250514_VIC_CFB_TSS_Enhancers_1016	VIC_ARID1B_enh_3	chr6	157022111.0	157022131.0
250514_VIC_CFB_TSS_Enhancers_1017	VIC_ARID1B_enh_3	chr6	157022116.0	157022136.0
250514_VIC_CFB_TSS_Enhancers_1018	VIC_ARID1B_enh_3	chr6	157022117.0	157022137.0
250514_VIC_CFB_TSS_Enhancers_1019	VIC_ARID1B_enh_3	chr6	157022123.0	157022143.0
250514_VIC_CFB_TSS_Enhancers_1020	VIC_ARID1B_enh_3	chr6	157022187.0	157022207.0
250514_VIC_CFB_TSS_Enhancers_1021	VIC_ARID1B_enh_3	chr6	157022220.0	157022240.0
250514_VIC_CFB_TSS_Enhancers_1022	VIC_ARID1B_enh_3	chr6	157022228.0	157022248.0
250514_VIC_CFB_TSS_Enhancers_1023	VIC_ARID1B_enh_3	chr6	157022233.0	157022253.0
250514_VIC_CFB_TSS_Enhancers_1024	VIC_ARID1B_enh_3	chr6	157022240.0	157022260.0
250514_VIC_CFB_TSS_Enhancers_1025	VIC_ARID1B_enh_3	chr6	157022248.0	157022268.0
250514_VIC_CFB_TSS_Enhancers_1026	VIC_ARID1B_enh_3	chr6	157022310.0	157022330.0
250514_VIC_CFB_TSS_Enhancers_1027	ENSG00000154678	chr7	32071198.0	32071218.0
250514_VIC_CFB_TSS_Enhancers_1028	ENSG00000154678	chr7	32071215.0	32071235.0
250514_VIC_CFB_TSS_Enhancers_1029	ENSG00000154678	chr7	32071224.0	32071244.0
250514_VIC_CFB_TSS_Enhancers_1030	ENSG00000154678	chr7	32071243.0	32071263.0
250514_VIC_CFB_TSS_Enhancers_1031	ENSG00000154678	chr7	32071254.0	32071274.0
250514_VIC_CFB_TSS_Enhancers_1032	ENSG00000154678	chr7	32071264.0	32071284.0
250514_VIC_CFB_TSS_Enhancers_1033	ENSG00000154678	chr7	32071283.0	32071303.0
250514_VIC_CFB_TSS_Enhancers_1034	ENSG00000154678	chr7	32071319.0	32071339.0
250514_VIC_CFB_TSS_Enhancers_1035	ENSG00000154678	chr7	32071331.0	32071351.0
250514_VIC_CFB_TSS_Enhancers_1036	ENSG00000154678	chr7	32071359.0	32071379.0
250514_VIC_CFB_TSS_Enhancers_1037	ENSG00000154678	chr7	32071371.0	32071391.0
250514_VIC_CFB_TSS_Enhancers_1038	ENSG00000154678	chr7	32071539.0	32071559.0
250514_VIC_CFB_TSS_Enhancers_1039	ENSG00000154678	chr7	32071589.0	32071609.0
250514_VIC_CFB_TSS_Enhancers_1040	ENSG00000154678	chr7	32071607.0	32071627.0
250514_VIC_CFB_TSS_Enhancers_1041	ENSG00000154678	chr7	32071657.0	32071677.0
250514_VIC_CFB_TSS_Enhancers_1042	ENSG00000154678	chr7	32299080.0	32299100.0
250514_VIC_CFB_TSS_Enhancers_1043	ENSG00000154678	chr7	32299108.0	32299128.0
250514_VIC_CFB_TSS_Enhancers_1044	ENSG00000154678	chr7	32299143.0	32299163.0
250514_VIC_CFB_TSS_Enhancers_1045	ENSG00000154678	chr7	32299148.0	32299168.0
250514_VIC_CFB_TSS_Enhancers_1046	ENSG00000154678	chr7	32299179.0	32299199.0
250514_VIC_CFB_TSS_Enhancers_1047	ENSG00000154678	chr7	32299249.0	32299269.0
250514_VIC_CFB_TSS_Enhancers_1048	ENSG00000154678	chr7	32299285.0	32299305.0
250514_VIC_CFB_TSS_Enhancers_1049	ENSG00000154678	chr7	32299301.0	32299321.0
250514_VIC_CFB_TSS_Enhancers_1050	ENSG00000154678	chr7	32299347.0	32299367.0
250514_VIC_CFB_TSS_Enhancers_1051	ENSG00000154678	chr7	32299371.0	32299391.0
250514_VIC_CFB_TSS_Enhancers_1052	ENSG00000154678	chr7	32299398.0	32299418.0
250514_VIC_CFB_TSS_Enhancers_1053	ENSG00000154678	chr7	32299414.0	32299434.0
250514_VIC_CFB_TSS_Enhancers_1054	ENSG00000154678	chr7	32299443.0	32299463.0
250514_VIC_CFB_TSS_Enhancers_1055	ENSG00000154678	chr7	32299521.0	32299541.0
250514_VIC_CFB_TSS_Enhancers_1056	ENSG00000154678	chr7	32299550.0	32299570.0
250514_VIC_CFB_TSS_Enhancers_1057	ENSG00000164619	chr7	33904663.0	33904683.0
250514_VIC_CFB_TSS_Enhancers_1058	ENSG00000164619	chr7	33904702.0	33904722.0
250514_VIC_CFB_TSS_Enhancers_1059	ENSG00000164619	chr7	33904739.0	33904759.0
250514_VIC_CFB_TSS_Enhancers_1060	ENSG00000164619	chr7	33904752.0	33904772.0
250514_VIC_CFB_TSS_Enhancers_1061	ENSG00000164619	chr7	33904772.0	33904792.0
250514_VIC_CFB_TSS_Enhancers_1062	ENSG00000164619	chr7	33904808.0	33904828.0
250514_VIC_CFB_TSS_Enhancers_1063	ENSG00000164619	chr7	33904822.0	33904842.0
250514_VIC_CFB_TSS_Enhancers_1064	ENSG00000164619	chr7	33904850.0	33904870.0
250514_VIC_CFB_TSS_Enhancers_1065	ENSG00000164619	chr7	33904929.0	33904949.0
250514_VIC_CFB_TSS_Enhancers_1066	ENSG00000164619	chr7	33904952.0	33904972.0
250514_VIC_CFB_TSS_Enhancers_1067	ENSG00000164619	chr7	33905010.0	33905030.0
250514_VIC_CFB_TSS_Enhancers_1068	ENSG00000164619	chr7	33905051.0	33905071.0
250514_VIC_CFB_TSS_Enhancers_1069	ENSG00000164619	chr7	33905081.0	33905101.0
250514_VIC_CFB_TSS_Enhancers_1070	ENSG00000164619	chr7	33905106.0	33905126.0
250514_VIC_CFB_TSS_Enhancers_1071	ENSG00000164619	chr7	33905135.0	33905155.0
250514_VIC_CFB_TSS_Enhancers_1087	VIC_TBX20_enh_13	chr7	35257544.0	35257564.0
250514_VIC_CFB_TSS_Enhancers_1088	VIC_TBX20_enh_13	chr7	35257594.0	35257614.0
250514_VIC_CFB_TSS_Enhancers_1089	VIC_TBX20_enh_13	chr7	35257655.0	35257675.0
250514_VIC_CFB_TSS_Enhancers_1090	VIC_TBX20_enh_13	chr7	35257719.0	35257739.0
250514_VIC_CFB_TSS_Enhancers_1091	VIC_TBX20_enh_13	chr7	35257744.0	35257764.0
250514_VIC_CFB_TSS_Enhancers_1092	VIC_TBX20_enh_13	chr7	35257772.0	35257792.0
250514_VIC_CFB_TSS_Enhancers_1093	VIC_TBX20_enh_13	chr7	35257803.0	35257823.0
250514_VIC_CFB_TSS_Enhancers_1094	VIC_TBX20_enh_13	chr7	35257815.0	35257835.0
250514_VIC_CFB_TSS_Enhancers_1095	VIC_TBX20_enh_13	chr7	35257853.0	35257873.0
250514_VIC_CFB_TSS_Enhancers_1096	VIC_TBX20_enh_13	chr7	35257872.0	35257892.0
250514_VIC_CFB_TSS_Enhancers_1097	VIC_TBX20_enh_13	chr7	35257919.0	35257939.0
250514_VIC_CFB_TSS_Enhancers_1098	FB_TBX20_enh_8	chr7	35257928.0	35257948.0
250514_VIC_CFB_TSS_Enhancers_1099	VIC_TBX20_enh_13	chr7	35257961.0	35257981.0
250514_VIC_CFB_TSS_Enhancers_1100	VIC_TBX20_enh_13	chr7	35257984.0	35258004.0
250514_VIC_CFB_TSS_Enhancers_1101	VIC_TBX20_enh_13	chr7	35258013.0	35258033.0
250514_VIC_CFB_TSS_Enhancers_1102	FB_TBX20_enh_9	chr7	35258209.0	35258229.0
250514_VIC_CFB_TSS_Enhancers_1103	VIC_TBX20_enh_15	chr7	35258228.0	35258248.0
250514_VIC_CFB_TSS_Enhancers_1104	VIC_TBX20_enh_15	chr7	35258246.0	35258266.0
250514_VIC_CFB_TSS_Enhancers_1105	VIC_TBX20_enh_15	chr7	35258253.0	35258273.0
250514_VIC_CFB_TSS_Enhancers_1106	VIC_TBX20_enh_15	chr7	35258294.0	35258314.0
250514_VIC_CFB_TSS_Enhancers_1107	VIC_TBX20_enh_15	chr7	35258301.0	35258321.0
250514_VIC_CFB_TSS_Enhancers_1108	VIC_TBX20_enh_15	chr7	35258332.0	35258352.0
250514_VIC_CFB_TSS_Enhancers_1109	VIC_TBX20_enh_15	chr7	35258342.0	35258362.0
250514_VIC_CFB_TSS_Enhancers_1110	VIC_TBX20_enh_15	chr7	35258352.0	35258372.0
250514_VIC_CFB_TSS_Enhancers_1111	FB_TBX20_enh_9	chr7	35258371.0	35258391.0
250514_VIC_CFB_TSS_Enhancers_1112	VIC_TBX20_enh_15	chr7	35258392.0	35258412.0
250514_VIC_CFB_TSS_Enhancers_1113	VIC_TBX20_enh_15	chr7	35258429.0	35258449.0
250514_VIC_CFB_TSS_Enhancers_1114	VIC_TBX20_enh_15	chr7	35258436.0	35258456.0
250514_VIC_CFB_TSS_Enhancers_1115	VIC_TBX20_enh_15	chr7	35258477.0	35258497.0
250514_VIC_CFB_TSS_Enhancers_1116	VIC_TBX20_enh_15	chr7	35258505.0	35258525.0
250514_VIC_CFB_TSS_Enhancers_1117	VIC_TBX20_enh_15	chr7	35258511.0	35258531.0
250514_VIC_CFB_TSS_Enhancers_1118	VIC_TBX20_enh_16	chr7	35260237.0	35260257.0
250514_VIC_CFB_TSS_Enhancers_1119	VIC_TBX20_enh_16	chr7	35260281.0	35260301.0
250514_VIC_CFB_TSS_Enhancers_1120	VIC_TBX20_enh_16	chr7	35260287.0	35260307.0
250514_VIC_CFB_TSS_Enhancers_1121	VIC_TBX20_enh_16	chr7	35260315.0	35260335.0
250514_VIC_CFB_TSS_Enhancers_1122	VIC_TBX20_enh_16	chr7	35260332.0	35260352.0
250514_VIC_CFB_TSS_Enhancers_1123	FB_TBX20_enh_10	chr7	35260373.0	35260393.0
250514_VIC_CFB_TSS_Enhancers_1124	VIC_TBX20_enh_16	chr7	35260385.0	35260405.0
250514_VIC_CFB_TSS_Enhancers_1125	FB_TBX20_enh_10	chr7	35260432.0	35260452.0
250514_VIC_CFB_TSS_Enhancers_1126	VIC_TBX20_enh_16	chr7	35260467.0	35260487.0
250514_VIC_CFB_TSS_Enhancers_1127	VIC_TBX20_enh_16	chr7	35260494.0	35260514.0
250514_VIC_CFB_TSS_Enhancers_1128	VIC_TBX20_enh_16	chr7	35260536.0	35260556.0
250514_VIC_CFB_TSS_Enhancers_1129	VIC_TBX20_enh_16	chr7	35260550.0	35260570.0
250514_VIC_CFB_TSS_Enhancers_1130	FB_TBX20_enh_10	chr7	35260569.0	35260589.0
250514_VIC_CFB_TSS_Enhancers_1131	VIC_TBX20_enh_16	chr7	35260633.0	35260653.0
250514_VIC_CFB_TSS_Enhancers_1132	VIC_TBX20_enh_16	chr7	35260673.0	35260693.0
250514_VIC_CFB_TSS_Enhancers_1133	VIC_TBX20_enh_18	chr7	35260865.0	35260885.0
250514_VIC_CFB_TSS_Enhancers_1134	VIC_TBX20_enh_18	chr7	35260891.0	35260911.0
250514_VIC_CFB_TSS_Enhancers_1135	VIC_TBX20_enh_18	chr7	35260954.0	35260974.0
250514_VIC_CFB_TSS_Enhancers_1136	VIC_TBX20_enh_18	chr7	35260964.0	35260984.0
250514_VIC_CFB_TSS_Enhancers_1137	VIC_TBX20_enh_18	chr7	35261064.0	35261084.0
250514_VIC_CFB_TSS_Enhancers_1138	VIC_TBX20_enh_18	chr7	35261115.0	35261135.0
250514_VIC_CFB_TSS_Enhancers_1139	VIC_TBX20_enh_18	chr7	35261119.0	35261139.0
250514_VIC_CFB_TSS_Enhancers_1140	VIC_TBX20_enh_18	chr7	35261121.0	35261141.0
250514_VIC_CFB_TSS_Enhancers_1141	VIC_TBX20_enh_18	chr7	35261171.0	35261191.0
250514_VIC_CFB_TSS_Enhancers_1142	VIC_TBX20_enh_18	chr7	35261177.0	35261197.0
250514_VIC_CFB_TSS_Enhancers_1143	VIC_TBX20_enh_18	chr7	35261181.0	35261201.0
250514_VIC_CFB_TSS_Enhancers_1144	VIC_TBX20_enh_18	chr7	35261263.0	35261283.0
250514_VIC_CFB_TSS_Enhancers_1145	VIC_TBX20_enh_18	chr7	35261266.0	35261286.0
250514_VIC_CFB_TSS_Enhancers_1146	VIC_TBX20_enh_18	chr7	35261270.0	35261290.0
250514_VIC_CFB_TSS_Enhancers_1147	VIC_TBX20_enh_18	chr7	35261311.0	35261331.0
250514_VIC_CFB_TSS_Enhancers_1148	VIC_TBX20_enh_19	chr7	35261499.0	35261519.0
250514_VIC_CFB_TSS_Enhancers_1149	VIC_TBX20_enh_19	chr7	35261519.0	35261539.0
250514_VIC_CFB_TSS_Enhancers_1150	VIC_TBX20_enh_19	chr7	35261553.0	35261573.0
250514_VIC_CFB_TSS_Enhancers_1151	VIC_TBX20_enh_19	chr7	35261592.0	35261612.0
250514_VIC_CFB_TSS_Enhancers_1152	VIC_TBX20_enh_19	chr7	35261640.0	35261660.0
250514_VIC_CFB_TSS_Enhancers_1153	VIC_TBX20_enh_19	chr7	35261700.0	35261720.0
250514_VIC_CFB_TSS_Enhancers_1154	VIC_TBX20_enh_19	chr7	35261717.0	35261737.0
250514_VIC_CFB_TSS_Enhancers_1155	VIC_TBX20_enh_19	chr7	35261732.0	35261752.0
250514_VIC_CFB_TSS_Enhancers_1156	VIC_TBX20_enh_19	chr7	35261775.0	35261795.0
250514_VIC_CFB_TSS_Enhancers_1157	VIC_TBX20_enh_19	chr7	35261810.0	35261830.0
250514_VIC_CFB_TSS_Enhancers_1158	VIC_TBX20_enh_19	chr7	35261837.0	35261857.0
250514_VIC_CFB_TSS_Enhancers_1159	VIC_TBX20_enh_19	chr7	35261858.0	35261878.0
250514_VIC_CFB_TSS_Enhancers_1160	VIC_TBX20_enh_19	chr7	35261867.0	35261887.0
250514_VIC_CFB_TSS_Enhancers_1161	FB_TBX20_enh_11	chr7	35261912.0	35261932.0
250514_VIC_CFB_TSS_Enhancers_1162	VIC_TBX20_enh_19	chr7	35261959.0	35261979.0
250514_VIC_CFB_TSS_Enhancers_1163	VIC_TBX20_enh_19	chr7	35261980.0	35262000.0
250514_VIC_CFB_TSS_Enhancers_1164	VIC_TBX20_enh_19	chr7	35261989.0	35262009.0
250514_VIC_CFB_TSS_Enhancers_1165	VIC_TBX20_enh_20	chr7	35262053.0	35262073.0
250514_VIC_CFB_TSS_Enhancers_1166	FB_TBX20_enh_12	chr7	35262066.0	35262086.0
250514_VIC_CFB_TSS_Enhancers_1167	VIC_TBX20_enh_20	chr7	35262067.0	35262087.0
250514_VIC_CFB_TSS_Enhancers_1168	VIC_TBX20_enh_20	chr7	35262080.0	35262100.0
250514_VIC_CFB_TSS_Enhancers_1169	VIC_TBX20_enh_20	chr7	35262089.0	35262109.0
250514_VIC_CFB_TSS_Enhancers_1170	VIC_TBX20_enh_20	chr7	35262120.0	35262140.0
250514_VIC_CFB_TSS_Enhancers_1171	VIC_TBX20_enh_20	chr7	35262141.0	35262161.0
250514_VIC_CFB_TSS_Enhancers_1172	VIC_TBX20_enh_20	chr7	35262150.0	35262170.0
250514_VIC_CFB_TSS_Enhancers_1173	VIC_TBX20_enh_20	chr7	35262168.0	35262188.0
250514_VIC_CFB_TSS_Enhancers_1174	VIC_TBX20_enh_20	chr7	35262203.0	35262223.0
250514_VIC_CFB_TSS_Enhancers_1175	VIC_TBX20_enh_20	chr7	35262205.0	35262225.0
250514_VIC_CFB_TSS_Enhancers_1176	VIC_TBX20_enh_20	chr7	35262229.0	35262249.0
250514_VIC_CFB_TSS_Enhancers_1177	VIC_TBX20_enh_20	chr7	35262245.0	35262265.0
250514_VIC_CFB_TSS_Enhancers_1178	VIC_TBX20_enh_20	chr7	35262261.0	35262281.0
250514_VIC_CFB_TSS_Enhancers_1179	VIC_TBX20_enh_20	chr7	35262279.0	35262299.0
250514_VIC_CFB_TSS_Enhancers_1180	FB_TBX20_enh_12	chr7	35262314.0	35262334.0
250514_VIC_CFB_TSS_Enhancers_1181	VIC_TBX20_enh_20	chr7	35262328.0	35262348.0
250514_VIC_CFB_TSS_Enhancers_1182	FB_TBX20_enh_14	chr7	35263440.0	35263460.0
250514_VIC_CFB_TSS_Enhancers_1183	FB_TBX20_enh_14	chr7	35263466.0	35263486.0
250514_VIC_CFB_TSS_Enhancers_1184	FB_TBX20_enh_14	chr7	35263512.0	35263532.0
250514_VIC_CFB_TSS_Enhancers_1185	FB_TBX20_enh_14	chr7	35263533.0	35263553.0
250514_VIC_CFB_TSS_Enhancers_1186	FB_TBX20_enh_14	chr7	35263540.0	35263560.0
250514_VIC_CFB_TSS_Enhancers_1187	FB_TBX20_enh_14	chr7	35263563.0	35263583.0
250514_VIC_CFB_TSS_Enhancers_1188	FB_TBX20_enh_14	chr7	35263564.0	35263584.0
250514_VIC_CFB_TSS_Enhancers_1189	FB_TBX20_enh_14	chr7	35263568.0	35263588.0
250514_VIC_CFB_TSS_Enhancers_1190	FB_TBX20_enh_14	chr7	35263572.0	35263592.0
250514_VIC_CFB_TSS_Enhancers_1191	FB_TBX20_enh_14	chr7	35263584.0	35263604.0
250514_VIC_CFB_TSS_Enhancers_1192	FB_TBX20_enh_14	chr7	35263598.0	35263618.0
250514_VIC_CFB_TSS_Enhancers_1193	FB_TBX20_enh_14	chr7	35263614.0	35263634.0
250514_VIC_CFB_TSS_Enhancers_1194	FB_TBX20_enh_14	chr7	35263626.0	35263646.0
250514_VIC_CFB_TSS_Enhancers_1195	FB_TBX20_enh_14	chr7	35263678.0	35263698.0
250514_VIC_CFB_TSS_Enhancers_1196	FB_TBX20_enh_14	chr7	35263827.0	35263847.0
250514_VIC_CFB_TSS_Enhancers_1197	FB_TBX20_enh_16	chr7	35327230.0	35327250.0
250514_VIC_CFB_TSS_Enhancers_1198	FB_TBX20_enh_16	chr7	35327256.0	35327276.0
250514_VIC_CFB_TSS_Enhancers_1199	FB_TBX20_enh_16	chr7	35327269.0	35327289.0
250514_VIC_CFB_TSS_Enhancers_1200	FB_TBX20_enh_16	chr7	35327403.0	35327423.0
250514_VIC_CFB_TSS_Enhancers_1201	FB_TBX20_enh_16	chr7	35327419.0	35327439.0
250514_VIC_CFB_TSS_Enhancers_1202	FB_TBX20_enh_16	chr7	35327428.0	35327448.0
250514_VIC_CFB_TSS_Enhancers_1203	FB_TBX20_enh_16	chr7	35327436.0	35327456.0
250514_VIC_CFB_TSS_Enhancers_1204	FB_TBX20_enh_16	chr7	35327472.0	35327492.0
250514_VIC_CFB_TSS_Enhancers_1205	FB_TBX20_enh_16	chr7	35327477.0	35327497.0
250514_VIC_CFB_TSS_Enhancers_1206	FB_TBX20_enh_16	chr7	35327489.0	35327509.0
250514_VIC_CFB_TSS_Enhancers_1207	FB_TBX20_enh_16	chr7	35327498.0	35327518.0
250514_VIC_CFB_TSS_Enhancers_1208	FB_TBX20_enh_16	chr7	35327502.0	35327522.0
250514_VIC_CFB_TSS_Enhancers_1209	FB_TBX20_enh_16	chr7	35327606.0	35327626.0
250514_VIC_CFB_TSS_Enhancers_1210	FB_TBX20_enh_17	chr7	35332148.0	35332168.0
250514_VIC_CFB_TSS_Enhancers_1211	FB_TBX20_enh_17	chr7	35332152.0	35332172.0
250514_VIC_CFB_TSS_Enhancers_1212	FB_TBX20_enh_17	chr7	35332209.0	35332229.0
250514_VIC_CFB_TSS_Enhancers_1213	FB_TBX20_enh_17	chr7	35332209.0	35332229.0
250514_VIC_CFB_TSS_Enhancers_1214	FB_TBX20_enh_17	chr7	35332222.0	35332242.0
250514_VIC_CFB_TSS_Enhancers_1215	FB_TBX20_enh_17	chr7	35332242.0	35332262.0
250514_VIC_CFB_TSS_Enhancers_1216	FB_TBX20_enh_17	chr7	35332244.0	35332264.0
250514_VIC_CFB_TSS_Enhancers_1217	FB_TBX20_enh_17	chr7	35332246.0	35332266.0
250514_VIC_CFB_TSS_Enhancers_1218	FB_TBX20_enh_17	chr7	35332262.0	35332282.0
250514_VIC_CFB_TSS_Enhancers_1219	FB_TBX20_enh_17	chr7	35332267.0	35332287.0
250514_VIC_CFB_TSS_Enhancers_1220	FB_TBX20_enh_17	chr7	35332269.0	35332289.0
250514_VIC_CFB_TSS_Enhancers_1221	FB_TBX20_enh_17	chr7	35332350.0	35332370.0
250514_VIC_CFB_TSS_Enhancers_1222	FB_TBX20_enh_17	chr7	35332352.0	35332372.0
250514_VIC_CFB_TSS_Enhancers_1223	FB_TBX20_enh_17	chr7	35332421.0	35332441.0
250514_VIC_CFB_TSS_Enhancers_1224	FB_TBX20_enh_17	chr7	35332425.0	35332445.0
250514_VIC_CFB_TSS_Enhancers_1225	FB_TBX20_enh_18	chr7	35386882.0	35386902.0
250514_VIC_CFB_TSS_Enhancers_1226	FB_TBX20_enh_18	chr7	35386916.0	35386936.0
250514_VIC_CFB_TSS_Enhancers_1227	FB_TBX20_enh_18	chr7	35386920.0	35386940.0
250514_VIC_CFB_TSS_Enhancers_1228	FB_TBX20_enh_18	chr7	35386948.0	35386968.0
250514_VIC_CFB_TSS_Enhancers_1229	FB_TBX20_enh_18	chr7	35386958.0	35386978.0
250514_VIC_CFB_TSS_Enhancers_1230	FB_TBX20_enh_18	chr7	35386962.0	35386982.0
250514_VIC_CFB_TSS_Enhancers_1231	FB_TBX20_enh_18	chr7	35386964.0	35386984.0
250514_VIC_CFB_TSS_Enhancers_1232	FB_TBX20_enh_18	chr7	35386990.0	35387010.0
250514_VIC_CFB_TSS_Enhancers_1233	FB_TBX20_enh_18	chr7	35386991.0	35387011.0
250514_VIC_CFB_TSS_Enhancers_1234	FB_TBX20_enh_18	chr7	35387004.0	35387024.0
250514_VIC_CFB_TSS_Enhancers_1235	FB_TBX20_enh_18	chr7	35387015.0	35387035.0
250514_VIC_CFB_TSS_Enhancers_1236	FB_TBX20_enh_18	chr7	35387062.0	35387082.0
250514_VIC_CFB_TSS_Enhancers_1237	FB_TBX20_enh_18	chr7	35387063.0	35387083.0
250514_VIC_CFB_TSS_Enhancers_1238	FB_TBX20_enh_18	chr7	35387068.0	35387088.0
250514_VIC_CFB_TSS_Enhancers_1239	FB_TBX20_enh_18	chr7	35387104.0	35387124.0
250514_VIC_CFB_TSS_Enhancers_1240	FB_TBX20_enh_19	chr7	35387441.0	35387461.0
250514_VIC_CFB_TSS_Enhancers_1241	FB_TBX20_enh_19	chr7	35387443.0	35387463.0
250514_VIC_CFB_TSS_Enhancers_1242	FB_TBX20_enh_19	chr7	35387477.0	35387497.0
250514_VIC_CFB_TSS_Enhancers_1243	FB_TBX20_enh_19	chr7	35387518.0	35387538.0
250514_VIC_CFB_TSS_Enhancers_1244	FB_TBX20_enh_19	chr7	35387521.0	35387541.0
250514_VIC_CFB_TSS_Enhancers_1245	FB_TBX20_enh_19	chr7	35387522.0	35387542.0
250514_VIC_CFB_TSS_Enhancers_1246	FB_TBX20_enh_19	chr7	35387537.0	35387557.0
250514_VIC_CFB_TSS_Enhancers_1247	FB_TBX20_enh_19	chr7	35387538.0	35387558.0
250514_VIC_CFB_TSS_Enhancers_1248	FB_TBX20_enh_19	chr7	35387669.0	35387689.0
250514_VIC_CFB_TSS_Enhancers_1249	FB_TBX20_enh_19	chr7	35387679.0	35387699.0
250514_VIC_CFB_TSS_Enhancers_1250	FB_TBX20_enh_20	chr7	35465582.0	35465602.0
250514_VIC_CFB_TSS_Enhancers_1251	FB_TBX20_enh_20	chr7	35465665.0	35465685.0
250514_VIC_CFB_TSS_Enhancers_1252	FB_TBX20_enh_20	chr7	35465721.0	35465741.0
250514_VIC_CFB_TSS_Enhancers_1253	FB_TBX20_enh_20	chr7	35465759.0	35465779.0
250514_VIC_CFB_TSS_Enhancers_1254	FB_TBX20_enh_20	chr7	35465789.0	35465809.0
250514_VIC_CFB_TSS_Enhancers_1255	FB_TBX20_enh_20	chr7	35465804.0	35465824.0
250514_VIC_CFB_TSS_Enhancers_1256	FB_TBX20_enh_20	chr7	35465843.0	35465863.0
250514_VIC_CFB_TSS_Enhancers_1257	FB_TBX20_enh_20	chr7	35465865.0	35465885.0
250514_VIC_CFB_TSS_Enhancers_1258	FB_TBX20_enh_20	chr7	35465867.0	35465887.0
250514_VIC_CFB_TSS_Enhancers_1259	FB_TBX20_enh_20	chr7	35465877.0	35465897.0
250514_VIC_CFB_TSS_Enhancers_1260	FB_TBX20_enh_20	chr7	35465895.0	35465915.0
250514_VIC_CFB_TSS_Enhancers_1261	FB_TBX20_enh_20	chr7	35465933.0	35465953.0
250514_VIC_CFB_TSS_Enhancers_1262	FB_TBX20_enh_20	chr7	35465970.0	35465990.0
250514_VIC_CFB_TSS_Enhancers_1263	FB_TBX20_enh_20	chr7	35466018.0	35466038.0
250514_VIC_CFB_TSS_Enhancers_1264	FB_TBX20_enh_20	chr7	35466038.0	35466058.0
250514_VIC_CFB_TSS_Enhancers_1265	ENSG00000155849	chr7	36986016.0	36986036.0
250514_VIC_CFB_TSS_Enhancers_1266	ENSG00000155849	chr7	36986034.0	36986054.0
250514_VIC_CFB_TSS_Enhancers_1267	ENSG00000155849	chr7	36986045.0	36986065.0
250514_VIC_CFB_TSS_Enhancers_1268	ENSG00000155849	chr7	36986083.0	36986103.0
250514_VIC_CFB_TSS_Enhancers_1269	ENSG00000155849	chr7	36986098.0	36986118.0
250514_VIC_CFB_TSS_Enhancers_1270	ENSG00000155849	chr7	36986160.0	36986180.0
250514_VIC_CFB_TSS_Enhancers_1271	ENSG00000155849	chr7	36986174.0	36986194.0
250514_VIC_CFB_TSS_Enhancers_1272	ENSG00000155849	chr7	36986180.0	36986200.0
250514_VIC_CFB_TSS_Enhancers_1273	ENSG00000155849	chr7	36986184.0	36986204.0
250514_VIC_CFB_TSS_Enhancers_1274	ENSG00000155849	chr7	36986186.0	36986206.0
250514_VIC_CFB_TSS_Enhancers_1275	ENSG00000155849	chr7	36986206.0	36986226.0
250514_VIC_CFB_TSS_Enhancers_1276	ENSG00000155849	chr7	36986235.0	36986255.0
250514_VIC_CFB_TSS_Enhancers_1277	ENSG00000155849	chr7	36986361.0	36986381.0
250514_VIC_CFB_TSS_Enhancers_1278	ENSG00000155849	chr7	36986392.0	36986412.0
250514_VIC_CFB_TSS_Enhancers_1279	ENSG00000155849	chr7	36986394.0	36986414.0
250514_VIC_CFB_TSS_Enhancers_1310	ENSG00000106571	chr7	42237314.0	42237334.0
250514_VIC_CFB_TSS_Enhancers_1311	ENSG00000106571	chr7	42237332.0	42237352.0
250514_VIC_CFB_TSS_Enhancers_1312	ENSG00000106571	chr7	42237376.0	42237396.0
250514_VIC_CFB_TSS_Enhancers_1313	ENSG00000106571	chr7	42237390.0	42237410.0
250514_VIC_CFB_TSS_Enhancers_1314	ENSG00000106571	chr7	42237433.0	42237453.0
250514_VIC_CFB_TSS_Enhancers_1315	ENSG00000106571	chr7	42237465.0	42237485.0
250514_VIC_CFB_TSS_Enhancers_1316	ENSG00000106571	chr7	42237471.0	42237491.0
250514_VIC_CFB_TSS_Enhancers_1317	ENSG00000106571	chr7	42237478.0	42237498.0
250514_VIC_CFB_TSS_Enhancers_1318	ENSG00000106571	chr7	42237498.0	42237518.0
250514_VIC_CFB_TSS_Enhancers_1319	ENSG00000106571	chr7	42237534.0	42237554.0
250514_VIC_CFB_TSS_Enhancers_1320	ENSG00000106571	chr7	42237640.0	42237660.0
250514_VIC_CFB_TSS_Enhancers_1321	ENSG00000106571	chr7	42237673.0	42237693.0
250514_VIC_CFB_TSS_Enhancers_1322	ENSG00000106571	chr7	42237686.0	42237706.0
250514_VIC_CFB_TSS_Enhancers_1323	ENSG00000106571	chr7	42237721.0	42237741.0
250514_VIC_CFB_TSS_Enhancers_1324	ENSG00000106571	chr7	42237780.0	42237800.0
250514_VIC_CFB_TSS_Enhancers_1340	ENSG00000198822	chr7	86643704.0	86643724.0
250514_VIC_CFB_TSS_Enhancers_1341	ENSG00000198822	chr7	86643759.0	86643779.0
250514_VIC_CFB_TSS_Enhancers_1342	ENSG00000198822	chr7	86643789.0	86643809.0
250514_VIC_CFB_TSS_Enhancers_1343	ENSG00000198822	chr7	86643800.0	86643820.0
250514_VIC_CFB_TSS_Enhancers_1344	ENSG00000198822	chr7	86643861.0	86643881.0
250514_VIC_CFB_TSS_Enhancers_1345	ENSG00000198822	chr7	86643880.0	86643900.0
250514_VIC_CFB_TSS_Enhancers_1346	ENSG00000198822	chr7	86643895.0	86643915.0
250514_VIC_CFB_TSS_Enhancers_1347	ENSG00000198822	chr7	86643913.0	86643933.0
250514_VIC_CFB_TSS_Enhancers_1348	ENSG00000198822	chr7	86643982.0	86644002.0
250514_VIC_CFB_TSS_Enhancers_1349	ENSG00000198822	chr7	86644019.0	86644039.0
250514_VIC_CFB_TSS_Enhancers_1350	ENSG00000198822	chr7	86644026.0	86644046.0
250514_VIC_CFB_TSS_Enhancers_1351	ENSG00000198822	chr7	86644065.0	86644085.0
250514_VIC_CFB_TSS_Enhancers_1352	ENSG00000198822	chr7	86644120.0	86644140.0
250514_VIC_CFB_TSS_Enhancers_1353	ENSG00000198822	chr7	86644133.0	86644153.0
250514_VIC_CFB_TSS_Enhancers_1354	ENSG00000198822	chr7	86644141.0	86644161.0
250514_VIC_CFB_TSS_Enhancers_1355	VIC_GATA4_enh_3	chr8	11587784.0	11587804.0
250514_VIC_CFB_TSS_Enhancers_1356	VIC_GATA4_enh_3	chr8	11587794.0	11587814.0
250514_VIC_CFB_TSS_Enhancers_1357	VIC_GATA4_enh_3	chr8	11587801.0	11587821.0
250514_VIC_CFB_TSS_Enhancers_1358	VIC_GATA4_enh_3	chr8	11587804.0	11587824.0
250514_VIC_CFB_TSS_Enhancers_1359	VIC_GATA4_enh_3	chr8	11587830.0	11587850.0
250514_VIC_CFB_TSS_Enhancers_1360	VIC_GATA4_enh_3	chr8	11587854.0	11587874.0
250514_VIC_CFB_TSS_Enhancers_1361	VIC_GATA4_enh_3	chr8	11587865.0	11587885.0
250514_VIC_CFB_TSS_Enhancers_1362	VIC_GATA4_enh_3	chr8	11587896.0	11587916.0
250514_VIC_CFB_TSS_Enhancers_1363	VIC_GATA4_enh_3	chr8	11587919.0	11587939.0
250514_VIC_CFB_TSS_Enhancers_1364	VIC_GATA4_enh_3	chr8	11587921.0	11587941.0
250514_VIC_CFB_TSS_Enhancers_1365	VIC_GATA4_enh_3	chr8	11587930.0	11587950.0
250514_VIC_CFB_TSS_Enhancers_1366	VIC_GATA4_enh_3	chr8	11587938.0	11587958.0
250514_VIC_CFB_TSS_Enhancers_1367	VIC_GATA4_enh_3	chr8	11587960.0	11587980.0
250514_VIC_CFB_TSS_Enhancers_1368	VIC_GATA4_enh_3	chr8	11587972.0	11587992.0
250514_VIC_CFB_TSS_Enhancers_1369	VIC_GATA4_enh_3	chr8	11588009.0	11588029.0
250514_VIC_CFB_TSS_Enhancers_1370	VIC_GATA4_enh_4	chr8	11588246.0	11588266.0
250514_VIC_CFB_TSS_Enhancers_1371	VIC_GATA4_enh_4	chr8	11588262.0	11588282.0
250514_VIC_CFB_TSS_Enhancers_1372	VIC_GATA4_enh_4	chr8	11588277.0	11588297.0
250514_VIC_CFB_TSS_Enhancers_1373	VIC_GATA4_enh_4	chr8	11588303.0	11588323.0
250514_VIC_CFB_TSS_Enhancers_1374	VIC_GATA4_enh_4	chr8	11588323.0	11588343.0
250514_VIC_CFB_TSS_Enhancers_1375	VIC_GATA4_enh_4	chr8	11588341.0	11588361.0
250514_VIC_CFB_TSS_Enhancers_1376	VIC_GATA4_enh_4	chr8	11588359.0	11588379.0
250514_VIC_CFB_TSS_Enhancers_1377	VIC_GATA4_enh_4	chr8	11588362.0	11588382.0
250514_VIC_CFB_TSS_Enhancers_1378	VIC_GATA4_enh_4	chr8	11588384.0	11588404.0
250514_VIC_CFB_TSS_Enhancers_1379	VIC_GATA4_enh_4	chr8	11588420.0	11588440.0
250514_VIC_CFB_TSS_Enhancers_1380	VIC_GATA4_enh_4	chr8	11588424.0	11588444.0
250514_VIC_CFB_TSS_Enhancers_1381	VIC_GATA4_enh_4	chr8	11588430.0	11588450.0
250514_VIC_CFB_TSS_Enhancers_1382	VIC_GATA4_enh_4	chr8	11588477.0	11588497.0
250514_VIC_CFB_TSS_Enhancers_1383	VIC_GATA4_enh_4	chr8	11588494.0	11588514.0
250514_VIC_CFB_TSS_Enhancers_1384	VIC_GATA4_enh_4	chr8	11588502.0	11588522.0
250514_VIC_CFB_TSS_Enhancers_1385	VIC_GATA4_enh_1	chr8	11589326.0	11589346.0
250514_VIC_CFB_TSS_Enhancers_1386	VIC_GATA4_enh_1	chr8	11589360.0	11589380.0
250514_VIC_CFB_TSS_Enhancers_1387	VIC_GATA4_enh_1	chr8	11589427.0	11589447.0
250514_VIC_CFB_TSS_Enhancers_1388	VIC_GATA4_enh_1	chr8	11589458.0	11589478.0
250514_VIC_CFB_TSS_Enhancers_1389	VIC_GATA4_enh_1	chr8	11589474.0	11589494.0
250514_VIC_CFB_TSS_Enhancers_1390	VIC_GATA4_enh_1	chr8	11589476.0	11589496.0
250514_VIC_CFB_TSS_Enhancers_1391	VIC_GATA4_enh_1	chr8	11589495.0	11589515.0
250514_VIC_CFB_TSS_Enhancers_1392	VIC_GATA4_enh_1	chr8	11589560.0	11589580.0
250514_VIC_CFB_TSS_Enhancers_1393	VIC_GATA4_enh_1	chr8	11589562.0	11589582.0
250514_VIC_CFB_TSS_Enhancers_1394	VIC_GATA4_enh_1	chr8	11589569.0	11589589.0
250514_VIC_CFB_TSS_Enhancers_1395	VIC_GATA4_enh_1	chr8	11589574.0	11589594.0
250514_VIC_CFB_TSS_Enhancers_1396	VIC_GATA4_enh_1	chr8	11589574.0	11589594.0
250514_VIC_CFB_TSS_Enhancers_1397	VIC_GATA4_enh_2	chr8	11589589.0	11589609.0
250514_VIC_CFB_TSS_Enhancers_1398	VIC_GATA4_enh_1	chr8	11589591.0	11589611.0
250514_VIC_CFB_TSS_Enhancers_1399	VIC_GATA4_enh_1	chr8	11589597.0	11589617.0
250514_VIC_CFB_TSS_Enhancers_1400	VIC_GATA4_enh_2	chr8	11589639.0	11589659.0
250514_VIC_CFB_TSS_Enhancers_1401	VIC_GATA4_enh_2	chr8	11589648.0	11589668.0
250514_VIC_CFB_TSS_Enhancers_1402	VIC_GATA4_enh_2	chr8	11589684.0	11589704.0
250514_VIC_CFB_TSS_Enhancers_1403	VIC_GATA4_enh_2	chr8	11589686.0	11589706.0
250514_VIC_CFB_TSS_Enhancers_1404	VIC_GATA4_enh_2	chr8	11589688.0	11589708.0
250514_VIC_CFB_TSS_Enhancers_1405	VIC_GATA4_enh_2	chr8	11589725.0	11589745.0
250514_VIC_CFB_TSS_Enhancers_1406	VIC_GATA4_enh_2	chr8	11589746.0	11589766.0
250514_VIC_CFB_TSS_Enhancers_1407	VIC_GATA4_enh_2	chr8	11589752.0	11589772.0
250514_VIC_CFB_TSS_Enhancers_1408	VIC_GATA4_enh_2	chr8	11589783.0	11589803.0
250514_VIC_CFB_TSS_Enhancers_1409	VIC_GATA4_enh_2	chr8	11589805.0	11589825.0
250514_VIC_CFB_TSS_Enhancers_1410	ENSG00000136574	chr8	11676723.0	11676743.0
250514_VIC_CFB_TSS_Enhancers_1411	ENSG00000136574	chr8	11676812.0	11676832.0
250514_VIC_CFB_TSS_Enhancers_1412	ENSG00000136574	chr8	11676906.0	11676926.0
250514_VIC_CFB_TSS_Enhancers_1413	ENSG00000136574	chr8	11676924.0	11676944.0
250514_VIC_CFB_TSS_Enhancers_1414	ENSG00000136574	chr8	11676971.0	11676991.0
250514_VIC_CFB_TSS_Enhancers_1415	ENSG00000136574	chr8	11676978.0	11676998.0
250514_VIC_CFB_TSS_Enhancers_1416	ENSG00000136574	chr8	11677003.0	11677023.0
250514_VIC_CFB_TSS_Enhancers_1417	ENSG00000136574	chr8	11677029.0	11677049.0
250514_VIC_CFB_TSS_Enhancers_1418	ENSG00000136574	chr8	11677041.0	11677061.0
250514_VIC_CFB_TSS_Enhancers_1419	ENSG00000136574	chr8	11677056.0	11677076.0
250514_VIC_CFB_TSS_Enhancers_1420	ENSG00000136574	chr8	11677072.0	11677092.0
250514_VIC_CFB_TSS_Enhancers_1421	ENSG00000136574	chr8	11677083.0	11677103.0
250514_VIC_CFB_TSS_Enhancers_1422	ENSG00000136574	chr8	11677090.0	11677110.0
250514_VIC_CFB_TSS_Enhancers_1423	ENSG00000136574	chr8	11677096.0	11677116.0
250514_VIC_CFB_TSS_Enhancers_1424	ENSG00000136574	chr8	11677158.0	11677178.0
250514_VIC_CFB_TSS_Enhancers_1440	ENSG00000147408	chr8	19682350.0	19682370.0
250514_VIC_CFB_TSS_Enhancers_1441	ENSG00000147408	chr8	19682365.0	19682385.0
250514_VIC_CFB_TSS_Enhancers_1442	ENSG00000147408	chr8	19682467.0	19682487.0
250514_VIC_CFB_TSS_Enhancers_1443	ENSG00000147408	chr8	19682498.0	19682518.0
250514_VIC_CFB_TSS_Enhancers_1444	ENSG00000147408	chr8	19682511.0	19682531.0
250514_VIC_CFB_TSS_Enhancers_1445	ENSG00000147408	chr8	19682517.0	19682537.0
250514_VIC_CFB_TSS_Enhancers_1446	ENSG00000147408	chr8	19682538.0	19682558.0
250514_VIC_CFB_TSS_Enhancers_1447	ENSG00000147408	chr8	19682545.0	19682565.0
250514_VIC_CFB_TSS_Enhancers_1448	ENSG00000147408	chr8	19682565.0	19682585.0
250514_VIC_CFB_TSS_Enhancers_1449	ENSG00000147408	chr8	19682583.0	19682603.0
250514_VIC_CFB_TSS_Enhancers_1450	ENSG00000147408	chr8	19682697.0	19682717.0
250514_VIC_CFB_TSS_Enhancers_1451	ENSG00000147408	chr8	19682716.0	19682736.0
250514_VIC_CFB_TSS_Enhancers_1452	ENSG00000147408	chr8	19682731.0	19682751.0
250514_VIC_CFB_TSS_Enhancers_1453	ENSG00000147408	chr8	19682762.0	19682782.0
250514_VIC_CFB_TSS_Enhancers_1454	ENSG00000147408	chr8	19682806.0	19682826.0
250514_VIC_CFB_TSS_Enhancers_1455	ENSG00000147408	chr8	19757691.0	19757711.0
250514_VIC_CFB_TSS_Enhancers_1456	ENSG00000147408	chr8	19757695.0	19757715.0
250514_VIC_CFB_TSS_Enhancers_1457	ENSG00000147408	chr8	19757724.0	19757744.0
250514_VIC_CFB_TSS_Enhancers_1458	ENSG00000147408	chr8	19757729.0	19757749.0
250514_VIC_CFB_TSS_Enhancers_1459	ENSG00000147408	chr8	19757809.0	19757829.0
250514_VIC_CFB_TSS_Enhancers_1460	ENSG00000147408	chr8	19757867.0	19757887.0
250514_VIC_CFB_TSS_Enhancers_1461	ENSG00000147408	chr8	19757889.0	19757909.0
250514_VIC_CFB_TSS_Enhancers_1462	ENSG00000147408	chr8	19757902.0	19757922.0
250514_VIC_CFB_TSS_Enhancers_1463	ENSG00000147408	chr8	19757918.0	19757938.0
250514_VIC_CFB_TSS_Enhancers_1464	ENSG00000147408	chr8	19757928.0	19757948.0
250514_VIC_CFB_TSS_Enhancers_1465	ENSG00000147408	chr8	19758016.0	19758036.0
250514_VIC_CFB_TSS_Enhancers_1466	ENSG00000147408	chr8	19758034.0	19758054.0
250514_VIC_CFB_TSS_Enhancers_1467	ENSG00000147408	chr8	19758053.0	19758073.0
250514_VIC_CFB_TSS_Enhancers_1468	ENSG00000147408	chr8	19758076.0	19758096.0
250514_VIC_CFB_TSS_Enhancers_1469	ENSG00000147408	chr8	19758163.0	19758183.0
250514_VIC_CFB_TSS_Enhancers_1470	ENSG00000181195	chr8	56445796.0	56445816.0
250514_VIC_CFB_TSS_Enhancers_1471	ENSG00000181195	chr8	56445835.0	56445855.0
250514_VIC_CFB_TSS_Enhancers_1472	ENSG00000181195	chr8	56445884.0	56445904.0
250514_VIC_CFB_TSS_Enhancers_1473	ENSG00000181195	chr8	56445898.0	56445918.0
250514_VIC_CFB_TSS_Enhancers_1474	ENSG00000181195	chr8	56445947.0	56445967.0
250514_VIC_CFB_TSS_Enhancers_1475	ENSG00000181195	chr8	56445983.0	56446003.0
250514_VIC_CFB_TSS_Enhancers_1476	ENSG00000181195	chr8	56445993.0	56446013.0
250514_VIC_CFB_TSS_Enhancers_1477	ENSG00000181195	chr8	56446024.0	56446044.0
250514_VIC_CFB_TSS_Enhancers_1478	ENSG00000181195	chr8	56446048.0	56446068.0
250514_VIC_CFB_TSS_Enhancers_1479	ENSG00000181195	chr8	56446092.0	56446112.0
250514_VIC_CFB_TSS_Enhancers_1480	ENSG00000181195	chr8	56446101.0	56446121.0
250514_VIC_CFB_TSS_Enhancers_1481	ENSG00000181195	chr8	56446144.0	56446164.0
250514_VIC_CFB_TSS_Enhancers_1482	ENSG00000181195	chr8	56446199.0	56446219.0
250514_VIC_CFB_TSS_Enhancers_1483	ENSG00000181195	chr8	56446237.0	56446257.0
250514_VIC_CFB_TSS_Enhancers_1484	ENSG00000181195	chr8	56446258.0	56446278.0
250514_VIC_CFB_TSS_Enhancers_1576	ENSG00000119403	chr9	120894652.0	120894672.0
250514_VIC_CFB_TSS_Enhancers_1577	ENSG00000119403	chr9	120894681.0	120894701.0
250514_VIC_CFB_TSS_Enhancers_1578	ENSG00000119403	chr9	120894693.0	120894713.0
250514_VIC_CFB_TSS_Enhancers_1579	ENSG00000119403	chr9	120894753.0	120894773.0
250514_VIC_CFB_TSS_Enhancers_1580	ENSG00000119403	chr9	120894759.0	120894779.0
250514_VIC_CFB_TSS_Enhancers_1581	ENSG00000119403	chr9	120894776.0	120894796.0
250514_VIC_CFB_TSS_Enhancers_1582	ENSG00000119403	chr9	120894785.0	120894805.0
250514_VIC_CFB_TSS_Enhancers_1583	ENSG00000119403	chr9	120894809.0	120894829.0
250514_VIC_CFB_TSS_Enhancers_1584	ENSG00000119403	chr9	120894825.0	120894845.0
250514_VIC_CFB_TSS_Enhancers_1585	ENSG00000119403	chr9	120894879.0	120894899.0
250514_VIC_CFB_TSS_Enhancers_1586	ENSG00000119403	chr9	120894964.0	120894984.0
250514_VIC_CFB_TSS_Enhancers_1587	ENSG00000119403	chr9	120895015.0	120895035.0
250514_VIC_CFB_TSS_Enhancers_1588	ENSG00000119403	chr9	120895021.0	120895041.0
250514_VIC_CFB_TSS_Enhancers_1589	ENSG00000119403	chr9	120895057.0	120895077.0
250514_VIC_CFB_TSS_Enhancers_1590	ENSG00000119403	chr9	120895116.0	120895136.0
250514_VIC_CFB_TSS_Enhancers_1591	VIC_PHF19_enh_1	chr9	120918938.0	120918958.0
250514_VIC_CFB_TSS_Enhancers_1592	VIC_PHF19_enh_1	chr9	120918968.0	120918988.0
250514_VIC_CFB_TSS_Enhancers_1593	VIC_PHF19_enh_1	chr9	120918980.0	120919000.0
250514_VIC_CFB_TSS_Enhancers_1594	VIC_PHF19_enh_1	chr9	120919042.0	120919062.0
250514_VIC_CFB_TSS_Enhancers_1595	VIC_PHF19_enh_1	chr9	120919049.0	120919069.0
250514_VIC_CFB_TSS_Enhancers_1596	VIC_PHF19_enh_1	chr9	120919066.0	120919086.0
250514_VIC_CFB_TSS_Enhancers_1597	VIC_PHF19_enh_1	chr9	120919086.0	120919106.0
250514_VIC_CFB_TSS_Enhancers_1598	VIC_PHF19_enh_1	chr9	120919163.0	120919183.0
250514_VIC_CFB_TSS_Enhancers_1599	VIC_PHF19_enh_1	chr9	120919189.0	120919209.0
250514_VIC_CFB_TSS_Enhancers_1600	VIC_PHF19_enh_1	chr9	120919273.0	120919293.0
250514_VIC_CFB_TSS_Enhancers_1601	VIC_PHF19_enh_1	chr9	120919292.0	120919312.0
250514_VIC_CFB_TSS_Enhancers_1602	VIC_PHF19_enh_1	chr9	120919359.0	120919379.0
250514_VIC_CFB_TSS_Enhancers_1603	VIC_PHF19_enh_1	chr9	120919372.0	120919392.0
250514_VIC_CFB_TSS_Enhancers_1604	VIC_PHF19_enh_1	chr9	120919383.0	120919403.0
250514_VIC_CFB_TSS_Enhancers_1605	VIC_PHF19_enh_1	chr9	120919412.0	120919432.0
250514_VIC_CFB_TSS_Enhancers_1621	ENSG00000097007	chr9	130712799.0	130712819.0
250514_VIC_CFB_TSS_Enhancers_1622	ENSG00000097007	chr9	130712849.0	130712869.0
250514_VIC_CFB_TSS_Enhancers_1623	ENSG00000097007	chr9	130712885.0	130712905.0
250514_VIC_CFB_TSS_Enhancers_1624	ENSG00000097007	chr9	130712903.0	130712923.0
250514_VIC_CFB_TSS_Enhancers_1625	ENSG00000097007	chr9	130712938.0	130712958.0
250514_VIC_CFB_TSS_Enhancers_1626	ENSG00000097007	chr9	130712963.0	130712983.0
250514_VIC_CFB_TSS_Enhancers_1627	ENSG00000097007	chr9	130712981.0	130713001.0
250514_VIC_CFB_TSS_Enhancers_1628	ENSG00000097007	chr9	130713031.0	130713051.0
250514_VIC_CFB_TSS_Enhancers_1629	ENSG00000097007	chr9	130713070.0	130713090.0
250514_VIC_CFB_TSS_Enhancers_1630	ENSG00000097007	chr9	130713104.0	130713124.0
250514_VIC_CFB_TSS_Enhancers_1631	ENSG00000097007	chr9	130713134.0	130713154.0
250514_VIC_CFB_TSS_Enhancers_1632	ENSG00000097007	chr9	130713141.0	130713161.0
250514_VIC_CFB_TSS_Enhancers_1633	ENSG00000097007	chr9	130713187.0	130713207.0
250514_VIC_CFB_TSS_Enhancers_1634	ENSG00000097007	chr9	130713215.0	130713235.0
250514_VIC_CFB_TSS_Enhancers_1635	ENSG00000097007	chr9	130713268.0	130713288.0
250514_VIC_CFB_TSS_Enhancers_1651	VIC_ADAMTSL2_enh_1	chr9	133506033.0	133506053.0
250514_VIC_CFB_TSS_Enhancers_1652	VIC_ADAMTSL2_enh_1	chr9	133506049.0	133506069.0
250514_VIC_CFB_TSS_Enhancers_1653	VIC_ADAMTSL2_enh_1	chr9	133506060.0	133506080.0
250514_VIC_CFB_TSS_Enhancers_1654	VIC_ADAMTSL2_enh_1	chr9	133506071.0	133506091.0
250514_VIC_CFB_TSS_Enhancers_1655	VIC_ADAMTSL2_enh_1	chr9	133506109.0	133506129.0
250514_VIC_CFB_TSS_Enhancers_1656	VIC_ADAMTSL2_enh_1	chr9	133506135.0	133506155.0
250514_VIC_CFB_TSS_Enhancers_1657	VIC_ADAMTSL2_enh_1	chr9	133506140.0	133506160.0
250514_VIC_CFB_TSS_Enhancers_1658	VIC_ADAMTSL2_enh_1	chr9	133506168.0	133506188.0
250514_VIC_CFB_TSS_Enhancers_1659	VIC_ADAMTSL2_enh_1	chr9	133506189.0	133506209.0
250514_VIC_CFB_TSS_Enhancers_1660	VIC_ADAMTSL2_enh_1	chr9	133506195.0	133506215.0
250514_VIC_CFB_TSS_Enhancers_1661	VIC_ADAMTSL2_enh_1	chr9	133506203.0	133506223.0
250514_VIC_CFB_TSS_Enhancers_1662	VIC_ADAMTSL2_enh_1	chr9	133506245.0	133506265.0
250514_VIC_CFB_TSS_Enhancers_1663	VIC_ADAMTSL2_enh_1	chr9	133506272.0	133506292.0
250514_VIC_CFB_TSS_Enhancers_1664	VIC_ADAMTSL2_enh_1	chr9	133506279.0	133506299.0
250514_VIC_CFB_TSS_Enhancers_1665	VIC_ADAMTSL2_enh_1	chr9	133506293.0	133506313.0
250514_VIC_CFB_TSS_Enhancers_1666	VIC_ADAMTSL2_enh_2	chr9	133513835.0	133513855.0
250514_VIC_CFB_TSS_Enhancers_1667	VIC_ADAMTSL2_enh_2	chr9	133513916.0	133513936.0
250514_VIC_CFB_TSS_Enhancers_1668	VIC_ADAMTSL2_enh_2	chr9	133513917.0	133513937.0
250514_VIC_CFB_TSS_Enhancers_1669	VIC_ADAMTSL2_enh_2	chr9	133513920.0	133513940.0
250514_VIC_CFB_TSS_Enhancers_1670	VIC_ADAMTSL2_enh_2	chr9	133513921.0	133513941.0
250514_VIC_CFB_TSS_Enhancers_1671	VIC_ADAMTSL2_enh_2	chr9	133513938.0	133513958.0
250514_VIC_CFB_TSS_Enhancers_1672	VIC_ADAMTSL2_enh_2	chr9	133513948.0	133513968.0
250514_VIC_CFB_TSS_Enhancers_1673	VIC_ADAMTSL2_enh_2	chr9	133513953.0	133513973.0
250514_VIC_CFB_TSS_Enhancers_1674	VIC_ADAMTSL2_enh_2	chr9	133513970.0	133513990.0
250514_VIC_CFB_TSS_Enhancers_1675	VIC_ADAMTSL2_enh_2	chr9	133513990.0	133514010.0
250514_VIC_CFB_TSS_Enhancers_1676	VIC_ADAMTSL2_enh_2	chr9	133513999.0	133514019.0
250514_VIC_CFB_TSS_Enhancers_1677	VIC_ADAMTSL2_enh_2	chr9	133514009.0	133514029.0
250514_VIC_CFB_TSS_Enhancers_1678	VIC_ADAMTSL2_enh_2	chr9	133514013.0	133514033.0
250514_VIC_CFB_TSS_Enhancers_1679	VIC_ADAMTSL2_enh_2	chr9	133514056.0	133514076.0
250514_VIC_CFB_TSS_Enhancers_1680	VIC_ADAMTSL2_enh_2	chr9	133514066.0	133514086.0
250514_VIC_CFB_TSS_Enhancers_1711	ENSG00000151150	chr10	60140782.0	60140802.0
250514_VIC_CFB_TSS_Enhancers_1712	ENSG00000151150	chr10	60140822.0	60140842.0
250514_VIC_CFB_TSS_Enhancers_1713	ENSG00000151150	chr10	60140862.0	60140882.0
250514_VIC_CFB_TSS_Enhancers_1714	ENSG00000151150	chr10	60140944.0	60140964.0
250514_VIC_CFB_TSS_Enhancers_1715	ENSG00000151150	chr10	60140948.0	60140968.0
250514_VIC_CFB_TSS_Enhancers_1716	ENSG00000151150	chr10	60140959.0	60140979.0
250514_VIC_CFB_TSS_Enhancers_1717	ENSG00000151150	chr10	60140965.0	60140985.0
250514_VIC_CFB_TSS_Enhancers_1718	ENSG00000151150	chr10	60141004.0	60141024.0
250514_VIC_CFB_TSS_Enhancers_1719	ENSG00000151150	chr10	60141041.0	60141061.0
250514_VIC_CFB_TSS_Enhancers_1720	ENSG00000151150	chr10	60141045.0	60141065.0
250514_VIC_CFB_TSS_Enhancers_1721	ENSG00000151150	chr10	60141051.0	60141071.0
250514_VIC_CFB_TSS_Enhancers_1722	ENSG00000151150	chr10	60141094.0	60141114.0
250514_VIC_CFB_TSS_Enhancers_1723	ENSG00000151150	chr10	60141095.0	60141115.0
250514_VIC_CFB_TSS_Enhancers_1724	ENSG00000151150	chr10	60141102.0	60141122.0
250514_VIC_CFB_TSS_Enhancers_1725	ENSG00000151150	chr10	60141210.0	60141230.0
250514_VIC_CFB_TSS_Enhancers_1726	FB_COL13A1_enh_1	chr10	69800121.0	69800141.0
250514_VIC_CFB_TSS_Enhancers_1727	FB_COL13A1_enh_1	chr10	69800149.0	69800169.0
250514_VIC_CFB_TSS_Enhancers_1728	FB_COL13A1_enh_1	chr10	69800190.0	69800210.0
250514_VIC_CFB_TSS_Enhancers_1729	FB_COL13A1_enh_1	chr10	69800197.0	69800217.0
250514_VIC_CFB_TSS_Enhancers_1730	FB_COL13A1_enh_1	chr10	69800202.0	69800222.0
250514_VIC_CFB_TSS_Enhancers_1731	FB_COL13A1_enh_1	chr10	69800205.0	69800225.0
250514_VIC_CFB_TSS_Enhancers_1732	FB_COL13A1_enh_1	chr10	69800210.0	69800230.0
250514_VIC_CFB_TSS_Enhancers_1733	FB_COL13A1_enh_1	chr10	69800272.0	69800292.0
250514_VIC_CFB_TSS_Enhancers_1734	FB_COL13A1_enh_1	chr10	69800296.0	69800316.0
250514_VIC_CFB_TSS_Enhancers_1735	FB_COL13A1_enh_1	chr10	69800298.0	69800318.0
250514_VIC_CFB_TSS_Enhancers_1736	FB_COL13A1_enh_1	chr10	69800319.0	69800339.0
250514_VIC_CFB_TSS_Enhancers_1737	FB_COL13A1_enh_1	chr10	69800335.0	69800355.0
250514_VIC_CFB_TSS_Enhancers_1738	FB_COL13A1_enh_1	chr10	69800351.0	69800371.0
250514_VIC_CFB_TSS_Enhancers_1739	FB_COL13A1_enh_1	chr10	69800391.0	69800411.0
250514_VIC_CFB_TSS_Enhancers_1740	FB_COL13A1_enh_1	chr10	69800400.0	69800420.0
250514_VIC_CFB_TSS_Enhancers_1756	ENSG00000156110	chr10	74151009.0	74151029.0
250514_VIC_CFB_TSS_Enhancers_1757	ENSG00000156110	chr10	74151052.0	74151072.0
250514_VIC_CFB_TSS_Enhancers_1758	ENSG00000156110	chr10	74151060.0	74151080.0
250514_VIC_CFB_TSS_Enhancers_1759	ENSG00000156110	chr10	74151074.0	74151094.0
250514_VIC_CFB_TSS_Enhancers_1760	ENSG00000156110	chr10	74151127.0	74151147.0
250514_VIC_CFB_TSS_Enhancers_1761	ENSG00000156110	chr10	74151151.0	74151171.0
250514_VIC_CFB_TSS_Enhancers_1762	ENSG00000156110	chr10	74151190.0	74151210.0
250514_VIC_CFB_TSS_Enhancers_1763	ENSG00000156110	chr10	74151219.0	74151239.0
250514_VIC_CFB_TSS_Enhancers_1764	ENSG00000156110	chr10	74151246.0	74151266.0
250514_VIC_CFB_TSS_Enhancers_1765	ENSG00000156110	chr10	74151321.0	74151341.0
250514_VIC_CFB_TSS_Enhancers_1766	ENSG00000156110	chr10	74151349.0	74151369.0
250514_VIC_CFB_TSS_Enhancers_1767	ENSG00000156110	chr10	74151384.0	74151404.0
250514_VIC_CFB_TSS_Enhancers_1768	ENSG00000156110	chr10	74151401.0	74151421.0
250514_VIC_CFB_TSS_Enhancers_1769	ENSG00000156110	chr10	74151419.0	74151439.0
250514_VIC_CFB_TSS_Enhancers_1770	ENSG00000156110	chr10	74151447.0	74151467.0
250514_VIC_CFB_TSS_Enhancers_1771	ENSG00000156110	chr10	74176264.0	74176284.0
250514_VIC_CFB_TSS_Enhancers_1772	ENSG00000156110	chr10	74176338.0	74176358.0
250514_VIC_CFB_TSS_Enhancers_1773	ENSG00000156110	chr10	74176342.0	74176362.0
250514_VIC_CFB_TSS_Enhancers_1774	ENSG00000156110	chr10	74176395.0	74176415.0
250514_VIC_CFB_TSS_Enhancers_1775	ENSG00000156110	chr10	74176443.0	74176463.0
250514_VIC_CFB_TSS_Enhancers_1776	ENSG00000156110	chr10	74176475.0	74176495.0
250514_VIC_CFB_TSS_Enhancers_1777	ENSG00000156110	chr10	74176515.0	74176535.0
250514_VIC_CFB_TSS_Enhancers_1778	ENSG00000156110	chr10	74176573.0	74176593.0
250514_VIC_CFB_TSS_Enhancers_1779	ENSG00000156110	chr10	74176601.0	74176621.0
250514_VIC_CFB_TSS_Enhancers_1780	ENSG00000156110	chr10	74176612.0	74176632.0
250514_VIC_CFB_TSS_Enhancers_1781	ENSG00000156110	chr10	74176651.0	74176671.0
250514_VIC_CFB_TSS_Enhancers_1782	ENSG00000156110	chr10	74176661.0	74176681.0
250514_VIC_CFB_TSS_Enhancers_1783	ENSG00000156110	chr10	74176688.0	74176708.0
250514_VIC_CFB_TSS_Enhancers_1784	ENSG00000156110	chr10	74176694.0	74176714.0
250514_VIC_CFB_TSS_Enhancers_1785	ENSG00000156110	chr10	74176715.0	74176735.0
250514_VIC_CFB_TSS_Enhancers_1801	ENSG00000171862	chr10	87862317.0	87862337.0
250514_VIC_CFB_TSS_Enhancers_1802	ENSG00000171862	chr10	87862343.0	87862363.0
250514_VIC_CFB_TSS_Enhancers_1803	ENSG00000171862	chr10	87862364.0	87862384.0
250514_VIC_CFB_TSS_Enhancers_1804	ENSG00000171862	chr10	87862375.0	87862395.0
250514_VIC_CFB_TSS_Enhancers_1805	ENSG00000171862	chr10	87862418.0	87862438.0
250514_VIC_CFB_TSS_Enhancers_1806	ENSG00000171862	chr10	87862434.0	87862454.0
250514_VIC_CFB_TSS_Enhancers_1807	ENSG00000171862	chr10	87862475.0	87862495.0
250514_VIC_CFB_TSS_Enhancers_1808	ENSG00000171862	chr10	87862494.0	87862514.0
250514_VIC_CFB_TSS_Enhancers_1809	ENSG00000171862	chr10	87862563.0	87862583.0
250514_VIC_CFB_TSS_Enhancers_1810	ENSG00000171862	chr10	87862582.0	87862602.0
250514_VIC_CFB_TSS_Enhancers_1811	ENSG00000171862	chr10	87862620.0	87862640.0
250514_VIC_CFB_TSS_Enhancers_1812	ENSG00000171862	chr10	87862666.0	87862686.0
250514_VIC_CFB_TSS_Enhancers_1813	ENSG00000171862	chr10	87862719.0	87862739.0
250514_VIC_CFB_TSS_Enhancers_1814	ENSG00000171862	chr10	87862776.0	87862796.0
250514_VIC_CFB_TSS_Enhancers_1815	ENSG00000171862	chr10	87862789.0	87862809.0
250514_VIC_CFB_TSS_Enhancers_1912	ENSG00000017427	chr12	102478420.0	102478440.0
250514_VIC_CFB_TSS_Enhancers_1913	ENSG00000017427	chr12	102478581.0	102478601.0
250514_VIC_CFB_TSS_Enhancers_1914	ENSG00000017427	chr12	102478639.0	102478659.0
250514_VIC_CFB_TSS_Enhancers_1915	ENSG00000017427	chr12	102478642.0	102478662.0
250514_VIC_CFB_TSS_Enhancers_1916	ENSG00000017427	chr12	102478663.0	102478683.0
250514_VIC_CFB_TSS_Enhancers_1917	ENSG00000017427	chr12	102478690.0	102478710.0
250514_VIC_CFB_TSS_Enhancers_1918	ENSG00000017427	chr12	102478734.0	102478754.0
250514_VIC_CFB_TSS_Enhancers_1919	ENSG00000017427	chr12	102478736.0	102478756.0
250514_VIC_CFB_TSS_Enhancers_1920	ENSG00000017427	chr12	102478738.0	102478758.0
250514_VIC_CFB_TSS_Enhancers_1921	ENSG00000017427	chr12	102478750.0	102478770.0
250514_VIC_CFB_TSS_Enhancers_1922	ENSG00000017427	chr12	102478767.0	102478787.0
250514_VIC_CFB_TSS_Enhancers_1923	ENSG00000017427	chr12	102478800.0	102478820.0
250514_VIC_CFB_TSS_Enhancers_1924	ENSG00000017427	chr12	102478824.0	102478844.0
250514_VIC_CFB_TSS_Enhancers_1925	ENSG00000017427	chr12	102478826.0	102478846.0
250514_VIC_CFB_TSS_Enhancers_1926	ENSG00000017427	chr12	102478871.0	102478891.0
250514_VIC_CFB_TSS_Enhancers_1957	ENSG00000111249	chr12	111033949.0	111033969.0
250514_VIC_CFB_TSS_Enhancers_1958	ENSG00000111249	chr12	111034010.0	111034030.0
250514_VIC_CFB_TSS_Enhancers_1959	ENSG00000111249	chr12	111034021.0	111034041.0
250514_VIC_CFB_TSS_Enhancers_1960	ENSG00000111249	chr12	111034170.0	111034190.0
250514_VIC_CFB_TSS_Enhancers_1961	ENSG00000111249	chr12	111034227.0	111034247.0
250514_VIC_CFB_TSS_Enhancers_1962	ENSG00000111249	chr12	111034239.0	111034259.0
250514_VIC_CFB_TSS_Enhancers_1963	ENSG00000111249	chr12	111034282.0	111034302.0
250514_VIC_CFB_TSS_Enhancers_1964	ENSG00000111249	chr12	111034284.0	111034304.0
250514_VIC_CFB_TSS_Enhancers_1965	ENSG00000111249	chr12	111034294.0	111034314.0
250514_VIC_CFB_TSS_Enhancers_1966	ENSG00000111249	chr12	111034298.0	111034318.0
250514_VIC_CFB_TSS_Enhancers_1967	ENSG00000111249	chr12	111034316.0	111034336.0
250514_VIC_CFB_TSS_Enhancers_1968	ENSG00000111249	chr12	111034317.0	111034337.0
250514_VIC_CFB_TSS_Enhancers_1969	ENSG00000111249	chr12	111034354.0	111034374.0
250514_VIC_CFB_TSS_Enhancers_1970	ENSG00000111249	chr12	111034383.0	111034403.0
250514_VIC_CFB_TSS_Enhancers_1971	ENSG00000111249	chr12	111034391.0	111034411.0
250514_VIC_CFB_TSS_Enhancers_1972	ENSG00000089225	chr12	114405951.0	114405971.0
250514_VIC_CFB_TSS_Enhancers_1973	ENSG00000089225	chr12	114405953.0	114405973.0
250514_VIC_CFB_TSS_Enhancers_1974	ENSG00000089225	chr12	114405954.0	114405974.0
250514_VIC_CFB_TSS_Enhancers_1975	ENSG00000089225	chr12	114405975.0	114405995.0
250514_VIC_CFB_TSS_Enhancers_1976	ENSG00000089225	chr12	114405994.0	114406014.0
250514_VIC_CFB_TSS_Enhancers_1977	ENSG00000089225	chr12	114406026.0	114406046.0
250514_VIC_CFB_TSS_Enhancers_1978	ENSG00000089225	chr12	114406094.0	114406114.0
250514_VIC_CFB_TSS_Enhancers_1979	ENSG00000089225	chr12	114406126.0	114406146.0
250514_VIC_CFB_TSS_Enhancers_1980	ENSG00000089225	chr12	114406154.0	114406174.0
250514_VIC_CFB_TSS_Enhancers_1981	ENSG00000089225	chr12	114406170.0	114406190.0
250514_VIC_CFB_TSS_Enhancers_1982	ENSG00000089225	chr12	114406229.0	114406249.0
250514_VIC_CFB_TSS_Enhancers_1983	ENSG00000089225	chr12	114406231.0	114406251.0
250514_VIC_CFB_TSS_Enhancers_1984	ENSG00000089225	chr12	114406245.0	114406265.0
250514_VIC_CFB_TSS_Enhancers_1985	ENSG00000089225	chr12	114406310.0	114406330.0
250514_VIC_CFB_TSS_Enhancers_1986	ENSG00000089225	chr12	114406340.0	114406360.0
250514_VIC_CFB_TSS_Enhancers_1987	ENSG00000089225	chr12	114408193.0	114408213.0
250514_VIC_CFB_TSS_Enhancers_1988	ENSG00000089225	chr12	114408215.0	114408235.0
250514_VIC_CFB_TSS_Enhancers_1989	ENSG00000089225	chr12	114408259.0	114408279.0
250514_VIC_CFB_TSS_Enhancers_1990	ENSG00000089225	chr12	114408264.0	114408284.0
250514_VIC_CFB_TSS_Enhancers_1991	ENSG00000089225	chr12	114408313.0	114408333.0
250514_VIC_CFB_TSS_Enhancers_1992	ENSG00000089225	chr12	114408340.0	114408360.0
250514_VIC_CFB_TSS_Enhancers_1993	ENSG00000089225	chr12	114408374.0	114408394.0
250514_VIC_CFB_TSS_Enhancers_1994	ENSG00000089225	chr12	114408394.0	114408414.0
250514_VIC_CFB_TSS_Enhancers_1995	ENSG00000089225	chr12	114408421.0	114408441.0
250514_VIC_CFB_TSS_Enhancers_1996	ENSG00000089225	chr12	114408481.0	114408501.0
250514_VIC_CFB_TSS_Enhancers_1997	ENSG00000089225	chr12	114408514.0	114408534.0
250514_VIC_CFB_TSS_Enhancers_1998	ENSG00000089225	chr12	114408558.0	114408578.0
250514_VIC_CFB_TSS_Enhancers_1999	ENSG00000089225	chr12	114408594.0	114408614.0
250514_VIC_CFB_TSS_Enhancers_2000	ENSG00000089225	chr12	114408656.0	114408676.0
250514_VIC_CFB_TSS_Enhancers_2001	ENSG00000089225	chr12	114408667.0	114408687.0
250514_VIC_CFB_TSS_Enhancers_2032	VIC_VWA8_enh_1	chr13	42041126.0	42041146.0
250514_VIC_CFB_TSS_Enhancers_2033	VIC_VWA8_enh_1	chr13	42041143.0	42041163.0
250514_VIC_CFB_TSS_Enhancers_2034	VIC_VWA8_enh_1	chr13	42041180.0	42041200.0
250514_VIC_CFB_TSS_Enhancers_2035	VIC_VWA8_enh_1	chr13	42041218.0	42041238.0
250514_VIC_CFB_TSS_Enhancers_2036	VIC_VWA8_enh_1	chr13	42041253.0	42041273.0
250514_VIC_CFB_TSS_Enhancers_2037	VIC_VWA8_enh_1	chr13	42041271.0	42041291.0
250514_VIC_CFB_TSS_Enhancers_2038	VIC_VWA8_enh_1	chr13	42041302.0	42041322.0
250514_VIC_CFB_TSS_Enhancers_2039	VIC_VWA8_enh_1	chr13	42041317.0	42041337.0
250514_VIC_CFB_TSS_Enhancers_2040	VIC_VWA8_enh_1	chr13	42041326.0	42041346.0
250514_VIC_CFB_TSS_Enhancers_2041	VIC_VWA8_enh_1	chr13	42041346.0	42041366.0
250514_VIC_CFB_TSS_Enhancers_2042	VIC_VWA8_enh_1	chr13	42041398.0	42041418.0
250514_VIC_CFB_TSS_Enhancers_2043	VIC_VWA8_enh_1	chr13	42041411.0	42041431.0
250514_VIC_CFB_TSS_Enhancers_2044	VIC_VWA8_enh_1	chr13	42041424.0	42041444.0
250514_VIC_CFB_TSS_Enhancers_2045	VIC_VWA8_enh_1	chr13	42041495.0	42041515.0
250514_VIC_CFB_TSS_Enhancers_2046	VIC_VWA8_enh_1	chr13	42041573.0	42041593.0
250514_VIC_CFB_TSS_Enhancers_2047	VIC_VWA8_enh_2	chr13	42047584.0	42047604.0
250514_VIC_CFB_TSS_Enhancers_2048	VIC_VWA8_enh_2	chr13	42047586.0	42047606.0
250514_VIC_CFB_TSS_Enhancers_2049	VIC_VWA8_enh_2	chr13	42047620.0	42047640.0
250514_VIC_CFB_TSS_Enhancers_2050	VIC_VWA8_enh_2	chr13	42047629.0	42047649.0
250514_VIC_CFB_TSS_Enhancers_2051	VIC_VWA8_enh_2	chr13	42047640.0	42047660.0
250514_VIC_CFB_TSS_Enhancers_2052	VIC_VWA8_enh_2	chr13	42047652.0	42047672.0
250514_VIC_CFB_TSS_Enhancers_2053	VIC_VWA8_enh_2	chr13	42047656.0	42047676.0
250514_VIC_CFB_TSS_Enhancers_2054	VIC_VWA8_enh_2	chr13	42047665.0	42047685.0
250514_VIC_CFB_TSS_Enhancers_2055	VIC_VWA8_enh_2	chr13	42047665.0	42047685.0
250514_VIC_CFB_TSS_Enhancers_2056	VIC_VWA8_enh_2	chr13	42047708.0	42047728.0
250514_VIC_CFB_TSS_Enhancers_2057	VIC_VWA8_enh_2	chr13	42047715.0	42047735.0
250514_VIC_CFB_TSS_Enhancers_2058	VIC_VWA8_enh_2	chr13	42047719.0	42047739.0
250514_VIC_CFB_TSS_Enhancers_2059	VIC_VWA8_enh_2	chr13	42047730.0	42047750.0
250514_VIC_CFB_TSS_Enhancers_2060	VIC_VWA8_enh_2	chr13	42047740.0	42047760.0
250514_VIC_CFB_TSS_Enhancers_2061	VIC_VWA8_enh_2	chr13	42047817.0	42047837.0
250514_VIC_CFB_TSS_Enhancers_2062	ENSG00000092068	chr14	23154143.0	23154163.0
250514_VIC_CFB_TSS_Enhancers_2063	ENSG00000092068	chr14	23154189.0	23154209.0
250514_VIC_CFB_TSS_Enhancers_2064	ENSG00000092068	chr14	23154198.0	23154218.0
250514_VIC_CFB_TSS_Enhancers_2065	ENSG00000092068	chr14	23154218.0	23154238.0
250514_VIC_CFB_TSS_Enhancers_2066	ENSG00000092068	chr14	23154260.0	23154280.0
250514_VIC_CFB_TSS_Enhancers_2067	ENSG00000092068	chr14	23154312.0	23154332.0
250514_VIC_CFB_TSS_Enhancers_2068	ENSG00000092068	chr14	23154323.0	23154343.0
250514_VIC_CFB_TSS_Enhancers_2069	ENSG00000092068	chr14	23154364.0	23154384.0
250514_VIC_CFB_TSS_Enhancers_2070	ENSG00000092068	chr14	23154389.0	23154409.0
250514_VIC_CFB_TSS_Enhancers_2071	ENSG00000092068	chr14	23154402.0	23154422.0
250514_VIC_CFB_TSS_Enhancers_2072	ENSG00000092068	chr14	23154476.0	23154496.0
250514_VIC_CFB_TSS_Enhancers_2073	ENSG00000092068	chr14	23154498.0	23154518.0
250514_VIC_CFB_TSS_Enhancers_2074	ENSG00000092068	chr14	23154557.0	23154577.0
250514_VIC_CFB_TSS_Enhancers_2075	ENSG00000092068	chr14	23154578.0	23154598.0
250514_VIC_CFB_TSS_Enhancers_2076	ENSG00000092068	chr14	23154617.0	23154637.0
250514_VIC_CFB_TSS_Enhancers_2077	ENSG00000092068	chr14	23155109.0	23155129.0
250514_VIC_CFB_TSS_Enhancers_2078	ENSG00000092068	chr14	23155145.0	23155165.0
250514_VIC_CFB_TSS_Enhancers_2079	ENSG00000092068	chr14	23155190.0	23155210.0
250514_VIC_CFB_TSS_Enhancers_2080	ENSG00000092068	chr14	23155206.0	23155226.0
250514_VIC_CFB_TSS_Enhancers_2081	ENSG00000092068	chr14	23155232.0	23155252.0
250514_VIC_CFB_TSS_Enhancers_2082	ENSG00000092068	chr14	23155240.0	23155260.0
250514_VIC_CFB_TSS_Enhancers_2083	ENSG00000092068	chr14	23155279.0	23155299.0
250514_VIC_CFB_TSS_Enhancers_2084	ENSG00000092068	chr14	23155300.0	23155320.0
250514_VIC_CFB_TSS_Enhancers_2085	ENSG00000092068	chr14	23155393.0	23155413.0
250514_VIC_CFB_TSS_Enhancers_2086	ENSG00000092068	chr14	23155399.0	23155419.0
250514_VIC_CFB_TSS_Enhancers_2087	ENSG00000092068	chr14	23155409.0	23155429.0
250514_VIC_CFB_TSS_Enhancers_2088	ENSG00000092068	chr14	23155424.0	23155444.0
250514_VIC_CFB_TSS_Enhancers_2089	ENSG00000092068	chr14	23155461.0	23155481.0
250514_VIC_CFB_TSS_Enhancers_2090	ENSG00000092068	chr14	23155493.0	23155513.0
250514_VIC_CFB_TSS_Enhancers_2091	ENSG00000092068	chr14	23155538.0	23155558.0
250514_VIC_CFB_TSS_Enhancers_2137	VIC_LTBP2_enh_2	chr14	74617076.0	74617096.0
250514_VIC_CFB_TSS_Enhancers_2138	VIC_LTBP2_enh_2	chr14	74617095.0	74617115.0
250514_VIC_CFB_TSS_Enhancers_2139	VIC_LTBP2_enh_2	chr14	74617130.0	74617150.0
250514_VIC_CFB_TSS_Enhancers_2140	VIC_LTBP2_enh_2	chr14	74617145.0	74617165.0
250514_VIC_CFB_TSS_Enhancers_2141	VIC_LTBP2_enh_2	chr14	74617159.0	74617179.0
250514_VIC_CFB_TSS_Enhancers_2142	VIC_LTBP2_enh_2	chr14	74617187.0	74617207.0
250514_VIC_CFB_TSS_Enhancers_2143	VIC_LTBP2_enh_2	chr14	74617191.0	74617211.0
250514_VIC_CFB_TSS_Enhancers_2144	VIC_LTBP2_enh_2	chr14	74617196.0	74617216.0
250514_VIC_CFB_TSS_Enhancers_2145	VIC_LTBP2_enh_2	chr14	74617218.0	74617238.0
250514_VIC_CFB_TSS_Enhancers_2146	VIC_LTBP2_enh_2	chr14	74617226.0	74617246.0
250514_VIC_CFB_TSS_Enhancers_2147	VIC_LTBP2_enh_2	chr14	74617256.0	74617276.0
250514_VIC_CFB_TSS_Enhancers_2148	VIC_LTBP2_enh_2	chr14	74617272.0	74617292.0
250514_VIC_CFB_TSS_Enhancers_2149	VIC_LTBP2_enh_2	chr14	74617285.0	74617305.0
250514_VIC_CFB_TSS_Enhancers_2150	VIC_LTBP2_enh_2	chr14	74617320.0	74617340.0
250514_VIC_CFB_TSS_Enhancers_2151	VIC_LTBP2_enh_2	chr14	74617327.0	74617347.0
250514_VIC_CFB_TSS_Enhancers_2152	VIC_LTBP2_enh_3	chr14	74621493.0	74621513.0
250514_VIC_CFB_TSS_Enhancers_2153	VIC_LTBP2_enh_3	chr14	74621531.0	74621551.0
250514_VIC_CFB_TSS_Enhancers_2154	VIC_LTBP2_enh_3	chr14	74621565.0	74621585.0
250514_VIC_CFB_TSS_Enhancers_2155	VIC_LTBP2_enh_3	chr14	74621607.0	74621627.0
250514_VIC_CFB_TSS_Enhancers_2156	VIC_LTBP2_enh_3	chr14	74621642.0	74621662.0
250514_VIC_CFB_TSS_Enhancers_2157	VIC_LTBP2_enh_3	chr14	74621685.0	74621705.0
250514_VIC_CFB_TSS_Enhancers_2158	VIC_LTBP2_enh_3	chr14	74621722.0	74621742.0
250514_VIC_CFB_TSS_Enhancers_2159	VIC_LTBP2_enh_3	chr14	74621737.0	74621757.0
250514_VIC_CFB_TSS_Enhancers_2160	VIC_LTBP2_enh_3	chr14	74621773.0	74621793.0
250514_VIC_CFB_TSS_Enhancers_2161	VIC_LTBP2_enh_3	chr14	74621801.0	74621821.0
250514_VIC_CFB_TSS_Enhancers_2162	VIC_LTBP2_enh_3	chr14	74621821.0	74621841.0
250514_VIC_CFB_TSS_Enhancers_2163	VIC_LTBP2_enh_3	chr14	74621851.0	74621871.0
250514_VIC_CFB_TSS_Enhancers_2164	VIC_LTBP2_enh_3	chr14	74621868.0	74621888.0
250514_VIC_CFB_TSS_Enhancers_2165	VIC_LTBP2_enh_3	chr14	74621896.0	74621916.0
250514_VIC_CFB_TSS_Enhancers_2166	VIC_LTBP2_enh_3	chr14	74621934.0	74621954.0
250514_VIC_CFB_TSS_Enhancers_2167	ENSG00000134138	chr15	37099896.0	37099916.0
250514_VIC_CFB_TSS_Enhancers_2168	ENSG00000134138	chr15	37099935.0	37099955.0
250514_VIC_CFB_TSS_Enhancers_2169	ENSG00000134138	chr15	37099945.0	37099965.0
250514_VIC_CFB_TSS_Enhancers_2170	ENSG00000134138	chr15	37099962.0	37099982.0
250514_VIC_CFB_TSS_Enhancers_2171	ENSG00000134138	chr15	37100028.0	37100048.0
250514_VIC_CFB_TSS_Enhancers_2172	ENSG00000134138	chr15	37100045.0	37100065.0
250514_VIC_CFB_TSS_Enhancers_2173	ENSG00000134138	chr15	37100106.0	37100126.0
250514_VIC_CFB_TSS_Enhancers_2174	ENSG00000134138	chr15	37100107.0	37100127.0
250514_VIC_CFB_TSS_Enhancers_2175	ENSG00000134138	chr15	37100129.0	37100149.0
250514_VIC_CFB_TSS_Enhancers_2176	ENSG00000134138	chr15	37100215.0	37100235.0
250514_VIC_CFB_TSS_Enhancers_2177	ENSG00000134138	chr15	37100217.0	37100237.0
250514_VIC_CFB_TSS_Enhancers_2178	ENSG00000134138	chr15	37100219.0	37100239.0
250514_VIC_CFB_TSS_Enhancers_2179	ENSG00000134138	chr15	37100224.0	37100244.0
250514_VIC_CFB_TSS_Enhancers_2180	ENSG00000134138	chr15	37100339.0	37100359.0
250514_VIC_CFB_TSS_Enhancers_2181	ENSG00000134138	chr15	37100354.0	37100374.0
250514_VIC_CFB_TSS_Enhancers_2182	ENSG00000134138	chr15	37100978.0	37100998.0
250514_VIC_CFB_TSS_Enhancers_2183	ENSG00000134138	chr15	37100998.0	37101018.0
250514_VIC_CFB_TSS_Enhancers_2184	ENSG00000134138	chr15	37101009.0	37101029.0
250514_VIC_CFB_TSS_Enhancers_2185	ENSG00000134138	chr15	37101028.0	37101048.0
250514_VIC_CFB_TSS_Enhancers_2186	ENSG00000134138	chr15	37101048.0	37101068.0
250514_VIC_CFB_TSS_Enhancers_2187	ENSG00000134138	chr15	37101060.0	37101080.0
250514_VIC_CFB_TSS_Enhancers_2188	ENSG00000134138	chr15	37101173.0	37101193.0
250514_VIC_CFB_TSS_Enhancers_2189	ENSG00000134138	chr15	37101186.0	37101206.0
250514_VIC_CFB_TSS_Enhancers_2190	ENSG00000134138	chr15	37101193.0	37101213.0
250514_VIC_CFB_TSS_Enhancers_2191	ENSG00000134138	chr15	37101199.0	37101219.0
250514_VIC_CFB_TSS_Enhancers_2192	ENSG00000134138	chr15	37101236.0	37101256.0
250514_VIC_CFB_TSS_Enhancers_2193	ENSG00000134138	chr15	37101261.0	37101281.0
250514_VIC_CFB_TSS_Enhancers_2194	ENSG00000134138	chr15	37101289.0	37101309.0
250514_VIC_CFB_TSS_Enhancers_2195	ENSG00000134138	chr15	37101396.0	37101416.0
250514_VIC_CFB_TSS_Enhancers_2196	ENSG00000134138	chr15	37101408.0	37101428.0
250514_VIC_CFB_TSS_Enhancers_2197	ENSG00000137872	chr15	47183902.0	47183922.0
250514_VIC_CFB_TSS_Enhancers_2198	ENSG00000137872	chr15	47183926.0	47183946.0
250514_VIC_CFB_TSS_Enhancers_2199	ENSG00000137872	chr15	47183967.0	47183987.0
250514_VIC_CFB_TSS_Enhancers_2200	ENSG00000137872	chr15	47183976.0	47183996.0
250514_VIC_CFB_TSS_Enhancers_2201	ENSG00000137872	chr15	47184025.0	47184045.0
250514_VIC_CFB_TSS_Enhancers_2202	ENSG00000137872	chr15	47184044.0	47184064.0
250514_VIC_CFB_TSS_Enhancers_2203	ENSG00000137872	chr15	47184055.0	47184075.0
250514_VIC_CFB_TSS_Enhancers_2204	ENSG00000137872	chr15	47184102.0	47184122.0
250514_VIC_CFB_TSS_Enhancers_2205	ENSG00000137872	chr15	47184132.0	47184152.0
250514_VIC_CFB_TSS_Enhancers_2206	ENSG00000137872	chr15	47184194.0	47184214.0
250514_VIC_CFB_TSS_Enhancers_2207	ENSG00000137872	chr15	47184206.0	47184226.0
250514_VIC_CFB_TSS_Enhancers_2208	ENSG00000137872	chr15	47184241.0	47184261.0
250514_VIC_CFB_TSS_Enhancers_2209	ENSG00000137872	chr15	47184261.0	47184281.0
250514_VIC_CFB_TSS_Enhancers_2210	ENSG00000137872	chr15	47184282.0	47184302.0
250514_VIC_CFB_TSS_Enhancers_2211	ENSG00000137872	chr15	47184324.0	47184344.0
250514_VIC_CFB_TSS_Enhancers_2212	ENSG00000137872	chr15	47718244.0	47718264.0
250514_VIC_CFB_TSS_Enhancers_2213	ENSG00000137872	chr15	47718266.0	47718286.0
250514_VIC_CFB_TSS_Enhancers_2214	ENSG00000137872	chr15	47718303.0	47718323.0
250514_VIC_CFB_TSS_Enhancers_2215	ENSG00000137872	chr15	47718344.0	47718364.0
250514_VIC_CFB_TSS_Enhancers_2216	ENSG00000137872	chr15	47718367.0	47718387.0
250514_VIC_CFB_TSS_Enhancers_2217	ENSG00000137872	chr15	47718414.0	47718434.0
250514_VIC_CFB_TSS_Enhancers_2218	ENSG00000137872	chr15	47718426.0	47718446.0
250514_VIC_CFB_TSS_Enhancers_2219	ENSG00000137872	chr15	47718477.0	47718497.0
250514_VIC_CFB_TSS_Enhancers_2220	ENSG00000137872	chr15	47718510.0	47718530.0
250514_VIC_CFB_TSS_Enhancers_2221	ENSG00000137872	chr15	47718527.0	47718547.0
250514_VIC_CFB_TSS_Enhancers_2222	ENSG00000137872	chr15	47718564.0	47718584.0
250514_VIC_CFB_TSS_Enhancers_2223	ENSG00000137872	chr15	47718580.0	47718600.0
250514_VIC_CFB_TSS_Enhancers_2224	ENSG00000137872	chr15	47718595.0	47718615.0
250514_VIC_CFB_TSS_Enhancers_2225	ENSG00000137872	chr15	47718645.0	47718665.0
250514_VIC_CFB_TSS_Enhancers_2226	ENSG00000137872	chr15	47718690.0	47718710.0
250514_VIC_CFB_TSS_Enhancers_2348	VIC_ERBB2_enh_1	chr17	39675030.0	39675050.0
250514_VIC_CFB_TSS_Enhancers_2349	VIC_ERBB2_enh_1	chr17	39675043.0	39675063.0
250514_VIC_CFB_TSS_Enhancers_2350	VIC_ERBB2_enh_1	chr17	39675052.0	39675072.0
250514_VIC_CFB_TSS_Enhancers_2351	VIC_ERBB2_enh_1	chr17	39675127.0	39675147.0
250514_VIC_CFB_TSS_Enhancers_2352	VIC_ERBB2_enh_1	chr17	39675133.0	39675153.0
250514_VIC_CFB_TSS_Enhancers_2353	VIC_ERBB2_enh_1	chr17	39675170.0	39675190.0
250514_VIC_CFB_TSS_Enhancers_2354	VIC_ERBB2_enh_1	chr17	39675191.0	39675211.0
250514_VIC_CFB_TSS_Enhancers_2355	VIC_ERBB2_enh_1	chr17	39675232.0	39675252.0
250514_VIC_CFB_TSS_Enhancers_2356	VIC_ERBB2_enh_1	chr17	39675243.0	39675263.0
250514_VIC_CFB_TSS_Enhancers_2357	VIC_ERBB2_enh_1	chr17	39675252.0	39675272.0
250514_VIC_CFB_TSS_Enhancers_2358	VIC_ERBB2_enh_1	chr17	39675260.0	39675280.0
250514_VIC_CFB_TSS_Enhancers_2359	VIC_ERBB2_enh_1	chr17	39675269.0	39675289.0
250514_VIC_CFB_TSS_Enhancers_2360	VIC_ERBB2_enh_1	chr17	39675273.0	39675293.0
250514_VIC_CFB_TSS_Enhancers_2361	VIC_ERBB2_enh_1	chr17	39675311.0	39675331.0
250514_VIC_CFB_TSS_Enhancers_2362	VIC_ERBB2_enh_1	chr17	39675318.0	39675338.0
250514_VIC_CFB_TSS_Enhancers_2363	VIC_ERBB2_enh_2	chr17	39675337.0	39675357.0
250514_VIC_CFB_TSS_Enhancers_2364	VIC_ERBB2_enh_2	chr17	39675445.0	39675465.0
250514_VIC_CFB_TSS_Enhancers_2365	VIC_ERBB2_enh_2	chr17	39675463.0	39675483.0
250514_VIC_CFB_TSS_Enhancers_2366	VIC_ERBB2_enh_2	chr17	39675507.0	39675527.0
250514_VIC_CFB_TSS_Enhancers_2367	VIC_ERBB2_enh_2	chr17	39675528.0	39675548.0
250514_VIC_CFB_TSS_Enhancers_2368	VIC_ERBB2_enh_2	chr17	39675544.0	39675564.0
250514_VIC_CFB_TSS_Enhancers_2369	VIC_ERBB2_enh_2	chr17	39675559.0	39675579.0
250514_VIC_CFB_TSS_Enhancers_2370	VIC_ERBB2_enh_2	chr17	39675580.0	39675600.0
250514_VIC_CFB_TSS_Enhancers_2371	VIC_ERBB2_enh_2	chr17	39675622.0	39675642.0
250514_VIC_CFB_TSS_Enhancers_2372	VIC_ERBB2_enh_2	chr17	39675715.0	39675735.0
250514_VIC_CFB_TSS_Enhancers_2373	VIC_ERBB2_enh_2	chr17	39675752.0	39675772.0
250514_VIC_CFB_TSS_Enhancers_2374	VIC_ERBB2_enh_2	chr17	39675757.0	39675777.0
250514_VIC_CFB_TSS_Enhancers_2375	VIC_ERBB2_enh_3	chr17	39675799.0	39675819.0
250514_VIC_CFB_TSS_Enhancers_2376	VIC_ERBB2_enh_3	chr17	39675842.0	39675862.0
250514_VIC_CFB_TSS_Enhancers_2377	VIC_ERBB2_enh_3	chr17	39675891.0	39675911.0
250514_VIC_CFB_TSS_Enhancers_2378	VIC_ERBB2_enh_3	chr17	39675922.0	39675942.0
250514_VIC_CFB_TSS_Enhancers_2379	VIC_ERBB2_enh_3	chr17	39675967.0	39675987.0
250514_VIC_CFB_TSS_Enhancers_2380	VIC_ERBB2_enh_3	chr17	39675988.0	39676008.0
250514_VIC_CFB_TSS_Enhancers_2381	VIC_ERBB2_enh_3	chr17	39676044.0	39676064.0
250514_VIC_CFB_TSS_Enhancers_2382	VIC_ERBB2_enh_3	chr17	39676087.0	39676107.0
250514_VIC_CFB_TSS_Enhancers_2383	VIC_ERBB2_enh_3	chr17	39676131.0	39676151.0
250514_VIC_CFB_TSS_Enhancers_2384	VIC_ERBB2_enh_3	chr17	39676184.0	39676204.0
250514_VIC_CFB_TSS_Enhancers_2385	VIC_ERBB2_enh_3	chr17	39676228.0	39676248.0
250514_VIC_CFB_TSS_Enhancers_2386	VIC_ERBB2_enh_3	chr17	39676233.0	39676253.0
250514_VIC_CFB_TSS_Enhancers_2387	VIC_ERBB2_enh_3	chr17	39676244.0	39676264.0
250514_VIC_CFB_TSS_Enhancers_2388	VIC_ERBB2_enh_3	chr17	39676255.0	39676275.0
250514_VIC_CFB_TSS_Enhancers_2389	VIC_ERBB2_enh_5	chr17	39676268.0	39676288.0
250514_VIC_CFB_TSS_Enhancers_2390	VIC_ERBB2_enh_5	chr17	39676288.0	39676308.0
250514_VIC_CFB_TSS_Enhancers_2391	VIC_ERBB2_enh_5	chr17	39676304.0	39676324.0
250514_VIC_CFB_TSS_Enhancers_2392	VIC_ERBB2_enh_5	chr17	39676343.0	39676363.0
250514_VIC_CFB_TSS_Enhancers_2393	VIC_ERBB2_enh_5	chr17	39676349.0	39676369.0
250514_VIC_CFB_TSS_Enhancers_2394	VIC_ERBB2_enh_5	chr17	39676385.0	39676405.0
250514_VIC_CFB_TSS_Enhancers_2395	VIC_ERBB2_enh_5	chr17	39676408.0	39676428.0
250514_VIC_CFB_TSS_Enhancers_2396	VIC_ERBB2_enh_5	chr17	39676448.0	39676468.0
250514_VIC_CFB_TSS_Enhancers_2397	VIC_ERBB2_enh_5	chr17	39676454.0	39676474.0
250514_VIC_CFB_TSS_Enhancers_2398	VIC_ERBB2_enh_5	chr17	39676486.0	39676506.0
250514_VIC_CFB_TSS_Enhancers_2399	VIC_ERBB2_enh_5	chr17	39676491.0	39676511.0
250514_VIC_CFB_TSS_Enhancers_2400	VIC_ERBB2_enh_5	chr17	39676507.0	39676527.0
250514_VIC_CFB_TSS_Enhancers_2401	VIC_ERBB2_enh_5	chr17	39676532.0	39676552.0
250514_VIC_CFB_TSS_Enhancers_2402	VIC_ERBB2_enh_6	chr17	39677481.0	39677501.0
250514_VIC_CFB_TSS_Enhancers_2403	VIC_ERBB2_enh_6	chr17	39677501.0	39677521.0
250514_VIC_CFB_TSS_Enhancers_2404	VIC_ERBB2_enh_6	chr17	39677544.0	39677564.0
250514_VIC_CFB_TSS_Enhancers_2405	VIC_ERBB2_enh_6	chr17	39677585.0	39677605.0
250514_VIC_CFB_TSS_Enhancers_2406	VIC_ERBB2_enh_6	chr17	39677588.0	39677608.0
250514_VIC_CFB_TSS_Enhancers_2407	VIC_ERBB2_enh_6	chr17	39677620.0	39677640.0
250514_VIC_CFB_TSS_Enhancers_2408	VIC_ERBB2_enh_6	chr17	39677661.0	39677681.0
250514_VIC_CFB_TSS_Enhancers_2409	VIC_ERBB2_enh_6	chr17	39677668.0	39677688.0
250514_VIC_CFB_TSS_Enhancers_2410	VIC_ERBB2_enh_6	chr17	39677715.0	39677735.0
250514_VIC_CFB_TSS_Enhancers_2411	VIC_ERBB2_enh_6	chr17	39677832.0	39677852.0
250514_VIC_CFB_TSS_Enhancers_2412	VIC_ERBB2_enh_6	chr17	39677854.0	39677874.0
250514_VIC_CFB_TSS_Enhancers_2413	VIC_ERBB2_enh_6	chr17	39677867.0	39677887.0
250514_VIC_CFB_TSS_Enhancers_2414	VIC_ERBB2_enh_6	chr17	39677879.0	39677899.0
250514_VIC_CFB_TSS_Enhancers_2415	VIC_ERBB2_enh_6	chr17	39677892.0	39677912.0
250514_VIC_CFB_TSS_Enhancers_2416	VIC_ERBB2_enh_6	chr17	39677922.0	39677942.0
250514_VIC_CFB_TSS_Enhancers_2417	VIC_ERBB2_enh_9	chr17	39679384.0	39679404.0
250514_VIC_CFB_TSS_Enhancers_2418	VIC_ERBB2_enh_9	chr17	39679391.0	39679411.0
250514_VIC_CFB_TSS_Enhancers_2419	VIC_ERBB2_enh_9	chr17	39679405.0	39679425.0
250514_VIC_CFB_TSS_Enhancers_2420	VIC_ERBB2_enh_9	chr17	39679411.0	39679431.0
250514_VIC_CFB_TSS_Enhancers_2421	VIC_ERBB2_enh_9	chr17	39679413.0	39679433.0
250514_VIC_CFB_TSS_Enhancers_2422	VIC_ERBB2_enh_9	chr17	39679417.0	39679437.0
250514_VIC_CFB_TSS_Enhancers_2423	VIC_ERBB2_enh_9	chr17	39679445.0	39679465.0
250514_VIC_CFB_TSS_Enhancers_2424	VIC_ERBB2_enh_9	chr17	39679464.0	39679484.0
250514_VIC_CFB_TSS_Enhancers_2425	VIC_ERBB2_enh_9	chr17	39679489.0	39679509.0
250514_VIC_CFB_TSS_Enhancers_2426	VIC_ERBB2_enh_9	chr17	39679494.0	39679514.0
250514_VIC_CFB_TSS_Enhancers_2427	VIC_ERBB2_enh_9	chr17	39679496.0	39679516.0
250514_VIC_CFB_TSS_Enhancers_2428	VIC_ERBB2_enh_9	chr17	39679503.0	39679523.0
250514_VIC_CFB_TSS_Enhancers_2429	VIC_ERBB2_enh_9	chr17	39679541.0	39679561.0
250514_VIC_CFB_TSS_Enhancers_2430	VIC_ERBB2_enh_9	chr17	39679615.0	39679635.0
250514_VIC_CFB_TSS_Enhancers_2431	VIC_ERBB2_enh_9	chr17	39679620.0	39679640.0
250514_VIC_CFB_TSS_Enhancers_2432	VIC_ERBB2_enh_10	chr17	39679851.0	39679871.0
250514_VIC_CFB_TSS_Enhancers_2433	VIC_ERBB2_enh_10	chr17	39679881.0	39679901.0
250514_VIC_CFB_TSS_Enhancers_2434	VIC_ERBB2_enh_10	chr17	39679913.0	39679933.0
250514_VIC_CFB_TSS_Enhancers_2435	VIC_ERBB2_enh_10	chr17	39679932.0	39679952.0
250514_VIC_CFB_TSS_Enhancers_2436	VIC_ERBB2_enh_10	chr17	39679948.0	39679968.0
250514_VIC_CFB_TSS_Enhancers_2437	VIC_ERBB2_enh_10	chr17	39679961.0	39679981.0
250514_VIC_CFB_TSS_Enhancers_2438	VIC_ERBB2_enh_10	chr17	39679978.0	39679998.0
250514_VIC_CFB_TSS_Enhancers_2439	VIC_ERBB2_enh_10	chr17	39679987.0	39680007.0
250514_VIC_CFB_TSS_Enhancers_2440	VIC_ERBB2_enh_10	chr17	39679998.0	39680018.0
250514_VIC_CFB_TSS_Enhancers_2441	VIC_ERBB2_enh_10	chr17	39680020.0	39680040.0
250514_VIC_CFB_TSS_Enhancers_2442	VIC_ERBB2_enh_10	chr17	39680032.0	39680052.0
250514_VIC_CFB_TSS_Enhancers_2443	VIC_ERBB2_enh_10	chr17	39680066.0	39680086.0
250514_VIC_CFB_TSS_Enhancers_2444	VIC_ERBB2_enh_10	chr17	39680068.0	39680088.0
250514_VIC_CFB_TSS_Enhancers_2445	VIC_ERBB2_enh_10	chr17	39680073.0	39680093.0
250514_VIC_CFB_TSS_Enhancers_2446	VIC_ERBB2_enh_10	chr17	39680106.0	39680126.0
250514_VIC_CFB_TSS_Enhancers_2447	ENSG00000141736	chr17	39687845.0	39687865.0
250514_VIC_CFB_TSS_Enhancers_2448	ENSG00000141736	chr17	39687905.0	39687925.0
250514_VIC_CFB_TSS_Enhancers_2449	ENSG00000141736	chr17	39687930.0	39687950.0
250514_VIC_CFB_TSS_Enhancers_2450	ENSG00000141736	chr17	39687950.0	39687970.0
250514_VIC_CFB_TSS_Enhancers_2451	ENSG00000141736	chr17	39687971.0	39687991.0
250514_VIC_CFB_TSS_Enhancers_2452	ENSG00000141736	chr17	39687979.0	39687999.0
250514_VIC_CFB_TSS_Enhancers_2453	ENSG00000141736	chr17	39688001.0	39688021.0
250514_VIC_CFB_TSS_Enhancers_2454	ENSG00000141736	chr17	39688015.0	39688035.0
250514_VIC_CFB_TSS_Enhancers_2455	ENSG00000141736	chr17	39688017.0	39688037.0
250514_VIC_CFB_TSS_Enhancers_2456	ENSG00000141736	chr17	39688073.0	39688093.0
250514_VIC_CFB_TSS_Enhancers_2457	ENSG00000141736	chr17	39688180.0	39688200.0
250514_VIC_CFB_TSS_Enhancers_2458	ENSG00000141736	chr17	39688183.0	39688203.0
250514_VIC_CFB_TSS_Enhancers_2459	ENSG00000141736	chr17	39688199.0	39688219.0
250514_VIC_CFB_TSS_Enhancers_2460	ENSG00000141736	chr17	39688300.0	39688320.0
250514_VIC_CFB_TSS_Enhancers_2461	ENSG00000141736	chr17	39688305.0	39688325.0
250514_VIC_CFB_TSS_Enhancers_2492	VIC_MEOX1_enh_3	chr17	43665152.0	43665172.0
250514_VIC_CFB_TSS_Enhancers_2493	VIC_MEOX1_enh_3	chr17	43665161.0	43665181.0
250514_VIC_CFB_TSS_Enhancers_2494	VIC_MEOX1_enh_3	chr17	43665207.0	43665227.0
250514_VIC_CFB_TSS_Enhancers_2495	VIC_MEOX1_enh_3	chr17	43665226.0	43665246.0
250514_VIC_CFB_TSS_Enhancers_2496	VIC_MEOX1_enh_3	chr17	43665250.0	43665270.0
250514_VIC_CFB_TSS_Enhancers_2497	VIC_MEOX1_enh_3	chr17	43665260.0	43665280.0
250514_VIC_CFB_TSS_Enhancers_2498	VIC_MEOX1_enh_3	chr17	43665274.0	43665294.0
250514_VIC_CFB_TSS_Enhancers_2499	VIC_MEOX1_enh_3	chr17	43665287.0	43665307.0
250514_VIC_CFB_TSS_Enhancers_2500	VIC_MEOX1_enh_3	chr17	43665303.0	43665323.0
250514_VIC_CFB_TSS_Enhancers_2501	VIC_MEOX1_enh_3	chr17	43665309.0	43665329.0
250514_VIC_CFB_TSS_Enhancers_2502	VIC_MEOX1_enh_3	chr17	43665315.0	43665335.0
250514_VIC_CFB_TSS_Enhancers_2503	VIC_MEOX1_enh_3	chr17	43665322.0	43665342.0
250514_VIC_CFB_TSS_Enhancers_2504	VIC_MEOX1_enh_3	chr17	43665339.0	43665359.0
250514_VIC_CFB_TSS_Enhancers_2505	VIC_MEOX1_enh_3	chr17	43665363.0	43665383.0
250514_VIC_CFB_TSS_Enhancers_2506	VIC_MEOX1_enh_3	chr17	43665409.0	43665429.0
250514_VIC_CFB_TSS_Enhancers_2507	ENSG00000120071	chr17	46192666.0	46192686.0
250514_VIC_CFB_TSS_Enhancers_2508	ENSG00000120071	chr17	46192705.0	46192725.0
250514_VIC_CFB_TSS_Enhancers_2509	ENSG00000120071	chr17	46192737.0	46192757.0
250514_VIC_CFB_TSS_Enhancers_2510	ENSG00000120071	chr17	46192809.0	46192829.0
250514_VIC_CFB_TSS_Enhancers_2511	ENSG00000120071	chr17	46192825.0	46192845.0
250514_VIC_CFB_TSS_Enhancers_2512	ENSG00000120071	chr17	46192847.0	46192867.0
250514_VIC_CFB_TSS_Enhancers_2513	ENSG00000120071	chr17	46192897.0	46192917.0
250514_VIC_CFB_TSS_Enhancers_2514	ENSG00000120071	chr17	46192971.0	46192991.0
250514_VIC_CFB_TSS_Enhancers_2515	ENSG00000120071	chr17	46192980.0	46193000.0
250514_VIC_CFB_TSS_Enhancers_2516	ENSG00000120071	chr17	46192984.0	46193004.0
250514_VIC_CFB_TSS_Enhancers_2517	ENSG00000120071	chr17	46193074.0	46193094.0
250514_VIC_CFB_TSS_Enhancers_2518	ENSG00000120071	chr17	46193079.0	46193099.0
250514_VIC_CFB_TSS_Enhancers_2519	ENSG00000120071	chr17	46193090.0	46193110.0
250514_VIC_CFB_TSS_Enhancers_2520	ENSG00000120071	chr17	46193105.0	46193125.0
250514_VIC_CFB_TSS_Enhancers_2521	ENSG00000120071	chr17	46193117.0	46193137.0
250514_VIC_CFB_TSS_Enhancers_2522	ENSG00000120071	chr17	46225208.0	46225228.0
250514_VIC_CFB_TSS_Enhancers_2523	ENSG00000120071	chr17	46225211.0	46225231.0
250514_VIC_CFB_TSS_Enhancers_2524	ENSG00000120071	chr17	46225212.0	46225232.0
250514_VIC_CFB_TSS_Enhancers_2525	ENSG00000120071	chr17	46225384.0	46225404.0
250514_VIC_CFB_TSS_Enhancers_2526	ENSG00000120071	chr17	46225389.0	46225409.0
250514_VIC_CFB_TSS_Enhancers_2527	ENSG00000120071	chr17	46225390.0	46225410.0
250514_VIC_CFB_TSS_Enhancers_2528	ENSG00000120071	chr17	46225393.0	46225413.0
250514_VIC_CFB_TSS_Enhancers_2529	ENSG00000120071	chr17	46225395.0	46225415.0
250514_VIC_CFB_TSS_Enhancers_2530	ENSG00000120071	chr17	46225402.0	46225422.0
250514_VIC_CFB_TSS_Enhancers_2531	ENSG00000120071	chr17	46225403.0	46225423.0
250514_VIC_CFB_TSS_Enhancers_2532	ENSG00000120071	chr17	46225461.0	46225481.0
250514_VIC_CFB_TSS_Enhancers_2533	ENSG00000120071	chr17	46225482.0	46225502.0
250514_VIC_CFB_TSS_Enhancers_2534	ENSG00000120071	chr17	46225502.0	46225522.0
250514_VIC_CFB_TSS_Enhancers_2535	ENSG00000168675	chr18	13218512.0	13218532.0
250514_VIC_CFB_TSS_Enhancers_2536	ENSG00000168675	chr18	13218550.0	13218570.0
250514_VIC_CFB_TSS_Enhancers_2537	ENSG00000168675	chr18	13218567.0	13218587.0
250514_VIC_CFB_TSS_Enhancers_2538	ENSG00000168675	chr18	13218616.0	13218636.0
250514_VIC_CFB_TSS_Enhancers_2539	ENSG00000168675	chr18	13218653.0	13218673.0
250514_VIC_CFB_TSS_Enhancers_2540	ENSG00000168675	chr18	13218660.0	13218680.0
250514_VIC_CFB_TSS_Enhancers_2541	ENSG00000168675	chr18	13218698.0	13218718.0
250514_VIC_CFB_TSS_Enhancers_2542	ENSG00000168675	chr18	13218726.0	13218746.0
250514_VIC_CFB_TSS_Enhancers_2543	ENSG00000168675	chr18	13218738.0	13218758.0
250514_VIC_CFB_TSS_Enhancers_2544	ENSG00000168675	chr18	13218798.0	13218818.0
250514_VIC_CFB_TSS_Enhancers_2545	ENSG00000168675	chr18	13218840.0	13218860.0
250514_VIC_CFB_TSS_Enhancers_2546	ENSG00000168675	chr18	13218882.0	13218902.0
250514_VIC_CFB_TSS_Enhancers_2547	ENSG00000168675	chr18	13218914.0	13218934.0
250514_VIC_CFB_TSS_Enhancers_2548	ENSG00000168675	chr18	13218944.0	13218964.0
250514_VIC_CFB_TSS_Enhancers_2549	ENSG00000168675	chr18	13218988.0	13219008.0
250514_VIC_CFB_TSS_Enhancers_2602	FB_SMAD7_enh_1	chr18	48790537.0	48790557.0
250514_VIC_CFB_TSS_Enhancers_2603	FB_SMAD7_enh_1	chr18	48790539.0	48790559.0
250514_VIC_CFB_TSS_Enhancers_2604	FB_SMAD7_enh_1	chr18	48790563.0	48790583.0
250514_VIC_CFB_TSS_Enhancers_2605	FB_SMAD7_enh_1	chr18	48790581.0	48790601.0
250514_VIC_CFB_TSS_Enhancers_2606	FB_SMAD7_enh_1	chr18	48790605.0	48790625.0
250514_VIC_CFB_TSS_Enhancers_2607	FB_SMAD7_enh_1	chr18	48790627.0	48790647.0
250514_VIC_CFB_TSS_Enhancers_2608	FB_SMAD7_enh_1	chr18	48790642.0	48790662.0
250514_VIC_CFB_TSS_Enhancers_2609	FB_SMAD7_enh_1	chr18	48790656.0	48790676.0
250514_VIC_CFB_TSS_Enhancers_2610	FB_SMAD7_enh_1	chr18	48790680.0	48790700.0
250514_VIC_CFB_TSS_Enhancers_2611	FB_SMAD7_enh_1	chr18	48790691.0	48790711.0
250514_VIC_CFB_TSS_Enhancers_2612	FB_SMAD7_enh_1	chr18	48790724.0	48790744.0
250514_VIC_CFB_TSS_Enhancers_2613	FB_SMAD7_enh_1	chr18	48790745.0	48790765.0
250514_VIC_CFB_TSS_Enhancers_2614	FB_SMAD7_enh_1	chr18	48790755.0	48790775.0
250514_VIC_CFB_TSS_Enhancers_2615	FB_SMAD7_enh_1	chr18	48790760.0	48790780.0
250514_VIC_CFB_TSS_Enhancers_2616	FB_SMAD7_enh_1	chr18	48790773.0	48790793.0
250514_VIC_CFB_TSS_Enhancers_2617	ENSG00000101665	chr18	48950715.0	48950735.0
250514_VIC_CFB_TSS_Enhancers_2618	ENSG00000101665	chr18	48950730.0	48950750.0
250514_VIC_CFB_TSS_Enhancers_2619	ENSG00000101665	chr18	48950736.0	48950756.0
250514_VIC_CFB_TSS_Enhancers_2620	ENSG00000101665	chr18	48950750.0	48950770.0
250514_VIC_CFB_TSS_Enhancers_2621	ENSG00000101665	chr18	48950800.0	48950820.0
250514_VIC_CFB_TSS_Enhancers_2622	ENSG00000101665	chr18	48950816.0	48950836.0
250514_VIC_CFB_TSS_Enhancers_2623	ENSG00000101665	chr18	48950839.0	48950859.0
250514_VIC_CFB_TSS_Enhancers_2624	ENSG00000101665	chr18	48950868.0	48950888.0
250514_VIC_CFB_TSS_Enhancers_2625	ENSG00000101665	chr18	48950923.0	48950943.0
250514_VIC_CFB_TSS_Enhancers_2626	ENSG00000101665	chr18	48951018.0	48951038.0
250514_VIC_CFB_TSS_Enhancers_2627	ENSG00000101665	chr18	48951035.0	48951055.0
250514_VIC_CFB_TSS_Enhancers_2628	ENSG00000101665	chr18	48951037.0	48951057.0
250514_VIC_CFB_TSS_Enhancers_2629	ENSG00000101665	chr18	48951078.0	48951098.0
250514_VIC_CFB_TSS_Enhancers_2630	ENSG00000101665	chr18	48951159.0	48951179.0
250514_VIC_CFB_TSS_Enhancers_2631	ENSG00000101665	chr18	48951182.0	48951202.0
250514_VIC_CFB_TSS_Enhancers_2647	ENSG00000156299	chr21	31558730.0	31558750.0
250514_VIC_CFB_TSS_Enhancers_2648	ENSG00000156299	chr21	31558790.0	31558810.0
250514_VIC_CFB_TSS_Enhancers_2649	ENSG00000156299	chr21	31558818.0	31558838.0
250514_VIC_CFB_TSS_Enhancers_2650	ENSG00000156299	chr21	31558855.0	31558875.0
250514_VIC_CFB_TSS_Enhancers_2651	ENSG00000156299	chr21	31558871.0	31558891.0
250514_VIC_CFB_TSS_Enhancers_2652	ENSG00000156299	chr21	31558912.0	31558932.0
250514_VIC_CFB_TSS_Enhancers_2653	ENSG00000156299	chr21	31558934.0	31558954.0
250514_VIC_CFB_TSS_Enhancers_2654	ENSG00000156299	chr21	31558952.0	31558972.0
250514_VIC_CFB_TSS_Enhancers_2655	ENSG00000156299	chr21	31558982.0	31559002.0
250514_VIC_CFB_TSS_Enhancers_2656	ENSG00000156299	chr21	31559014.0	31559034.0
250514_VIC_CFB_TSS_Enhancers_2657	ENSG00000156299	chr21	31559061.0	31559081.0
250514_VIC_CFB_TSS_Enhancers_2658	ENSG00000156299	chr21	31559099.0	31559119.0
250514_VIC_CFB_TSS_Enhancers_2659	ENSG00000156299	chr21	31559148.0	31559168.0
250514_VIC_CFB_TSS_Enhancers_2660	ENSG00000156299	chr21	31559190.0	31559210.0
250514_VIC_CFB_TSS_Enhancers_2661	ENSG00000156299	chr21	31559205.0	31559225.0
250514_VIC_CFB_TSS_Enhancers_2662	ENSG00000157554	chr21	38661531.0	38661551.0
250514_VIC_CFB_TSS_Enhancers_2663	ENSG00000157554	chr21	38661542.0	38661562.0
250514_VIC_CFB_TSS_Enhancers_2664	ENSG00000157554	chr21	38661565.0	38661585.0
250514_VIC_CFB_TSS_Enhancers_2665	ENSG00000157554	chr21	38661572.0	38661592.0
250514_VIC_CFB_TSS_Enhancers_2666	ENSG00000157554	chr21	38661574.0	38661594.0
250514_VIC_CFB_TSS_Enhancers_2667	ENSG00000157554	chr21	38661587.0	38661607.0
250514_VIC_CFB_TSS_Enhancers_2668	ENSG00000157554	chr21	38661607.0	38661627.0
250514_VIC_CFB_TSS_Enhancers_2669	ENSG00000157554	chr21	38661672.0	38661692.0
250514_VIC_CFB_TSS_Enhancers_2670	ENSG00000157554	chr21	38661710.0	38661730.0
250514_VIC_CFB_TSS_Enhancers_2671	ENSG00000157554	chr21	38661735.0	38661755.0
250514_VIC_CFB_TSS_Enhancers_2672	ENSG00000157554	chr21	38661792.0	38661812.0
250514_VIC_CFB_TSS_Enhancers_2673	ENSG00000157554	chr21	38661796.0	38661816.0
250514_VIC_CFB_TSS_Enhancers_2674	ENSG00000157554	chr21	38661864.0	38661884.0
250514_VIC_CFB_TSS_Enhancers_2675	ENSG00000157554	chr21	38661867.0	38661887.0
250514_VIC_CFB_TSS_Enhancers_2676	ENSG00000157554	chr21	38662002.0	38662022.0
250514_VIC_CFB_TSS_Enhancers_2677	VIC_ERG_enh_1	chr21	38682060.0	38682080.0
250514_VIC_CFB_TSS_Enhancers_2678	VIC_ERG_enh_1	chr21	38682060.0	38682080.0
250514_VIC_CFB_TSS_Enhancers_2679	VIC_ERG_enh_1	chr21	38682099.0	38682119.0
250514_VIC_CFB_TSS_Enhancers_2680	VIC_ERG_enh_1	chr21	38682108.0	38682128.0
250514_VIC_CFB_TSS_Enhancers_2681	VIC_ERG_enh_1	chr21	38682109.0	38682129.0
250514_VIC_CFB_TSS_Enhancers_2682	VIC_ERG_enh_1	chr21	38682112.0	38682132.0
250514_VIC_CFB_TSS_Enhancers_2683	VIC_ERG_enh_1	chr21	38682140.0	38682160.0
250514_VIC_CFB_TSS_Enhancers_2684	VIC_ERG_enh_1	chr21	38682168.0	38682188.0
250514_VIC_CFB_TSS_Enhancers_2685	VIC_ERG_enh_1	chr21	38682212.0	38682232.0
250514_VIC_CFB_TSS_Enhancers_2686	VIC_ERG_enh_1	chr21	38682220.0	38682240.0
250514_VIC_CFB_TSS_Enhancers_2687	VIC_ERG_enh_1	chr21	38682224.0	38682244.0
250514_VIC_CFB_TSS_Enhancers_2688	VIC_ERG_enh_1	chr21	38682231.0	38682251.0
250514_VIC_CFB_TSS_Enhancers_2689	VIC_ERG_enh_1	chr21	38682242.0	38682262.0
250514_VIC_CFB_TSS_Enhancers_2690	VIC_ERG_enh_1	chr21	38682250.0	38682270.0
250514_VIC_CFB_TSS_Enhancers_2691	VIC_ERG_enh_1	chr21	38682251.0	38682271.0
250514_VIC_CFB_TSS_Enhancers_2707	ENSG00000100320	chr22	35840435.0	35840455.0
250514_VIC_CFB_TSS_Enhancers_2708	ENSG00000100320	chr22	35840438.0	35840458.0
250514_VIC_CFB_TSS_Enhancers_2709	ENSG00000100320	chr22	35840442.0	35840462.0
250514_VIC_CFB_TSS_Enhancers_2710	ENSG00000100320	chr22	35840442.0	35840462.0
250514_VIC_CFB_TSS_Enhancers_2711	ENSG00000100320	chr22	35840471.0	35840491.0
250514_VIC_CFB_TSS_Enhancers_2712	ENSG00000100320	chr22	35840473.0	35840493.0
250514_VIC_CFB_TSS_Enhancers_2713	ENSG00000100320	chr22	35840476.0	35840496.0
250514_VIC_CFB_TSS_Enhancers_2714	ENSG00000100320	chr22	35840536.0	35840556.0
250514_VIC_CFB_TSS_Enhancers_2715	ENSG00000100320	chr22	35840538.0	35840558.0
250514_VIC_CFB_TSS_Enhancers_2716	ENSG00000100320	chr22	35840551.0	35840571.0
250514_VIC_CFB_TSS_Enhancers_2717	ENSG00000100320	chr22	35840559.0	35840579.0
250514_VIC_CFB_TSS_Enhancers_2718	ENSG00000100320	chr22	35840560.0	35840580.0
250514_VIC_CFB_TSS_Enhancers_2719	ENSG00000100320	chr22	35840577.0	35840597.0
250514_VIC_CFB_TSS_Enhancers_2720	ENSG00000100320	chr22	35840689.0	35840709.0
250514_VIC_CFB_TSS_Enhancers_2721	ENSG00000100320	chr22	35840718.0	35840738.0
250514_VIC_CFB_TSS_Enhancers_2758_non-targeting	non-targeting			
250514_VIC_CFB_TSS_Enhancers_2759_non-targeting	non-targeting			
250514_VIC_CFB_TSS_Enhancers_2760_non-targeting	non-targeting			
250514_VIC_CFB_TSS_Enhancers_2761_non-targeting	non-targeting			
250514_VIC_CFB_TSS_Enhancers_2762_non-targeting	non-targeting			
250514_VIC_CFB_TSS_Enhancers_2763_non-targeting	non-targeting			
250514_VIC_CFB_TSS_Enhancers_2764_non-targeting	non-targeting			
250514_VIC_CFB_TSS_Enhancers_2765_non-targeting	non-targeting			
250514_VIC_CFB_TSS_Enhancers_2766_non-targeting	non-targeting			
250514_VIC_CFB_TSS_Enhancers_2767_non-targeting	non-targeting			
250514_VIC_CFB_TSS_Enhancers_2768_non-targeting	non-targeting			
250514_VIC_CFB_TSS_Enhancers_2769_non-targeting	non-targeting			
250514_VIC_CFB_TSS_Enhancers_2770_non-targeting	non-targeting			
250514_VIC_CFB_TSS_Enhancers_2771_non-targeting	non-targeting			
250514_VIC_CFB_TSS_Enhancers_2772_non-targeting	non-targeting			
250514_VIC_CFB_TSS_Enhancers_2773_non-targeting	non-targeting			
250514_VIC_CFB_TSS_Enhancers_2774_non-targeting	non-targeting			
250514_VIC_CFB_TSS_Enhancers_2775_non-targeting	non-targeting			
250514_VIC_CFB_TSS_Enhancers_2776_non-targeting	non-targeting			
250514_VIC_CFB_TSS_Enhancers_2777_non-targeting	non-targeting			
250514_VIC_CFB_TSS_Enhancers_2778_non-targeting	non-targeting			
250514_VIC_CFB_TSS_Enhancers_2779_non-targeting	non-targeting			
250514_VIC_CFB_TSS_Enhancers_2780_non-targeting	non-targeting			
250514_VIC_CFB_TSS_Enhancers_2781_non-targeting	non-targeting			
250514_VIC_CFB_TSS_Enhancers_2782_non-targeting	non-targeting			
250514_VIC_CFB_TSS_Enhancers_2783_non-targeting	non-targeting			
250514_VIC_CFB_TSS_Enhancers_2784_non-targeting	non-targeting			
250514_VIC_CFB_TSS_Enhancers_2785_non-targeting	non-targeting			
250514_VIC_CFB_TSS_Enhancers_2786_non-targeting	non-targeting			
250514_VIC_CFB_TSS_Enhancers_2787_non-targeting	non-targeting			
250514_VIC_CFB_TSS_Enhancers_2788_non-targeting	non-targeting			
250514_VIC_CFB_TSS_Enhancers_2789_non-targeting	non-targeting			
250514_VIC_CFB_TSS_Enhancers_2790_non-targeting	non-targeting			
250514_VIC_CFB_TSS_Enhancers_2791_non-targeting	non-targeting			
250514_VIC_CFB_TSS_Enhancers_2792_non-targeting	non-targeting			
250514_VIC_CFB_TSS_Enhancers_2793_non-targeting	non-targeting			
250514_VIC_CFB_TSS_Enhancers_2794_non-targeting	non-targeting			
250514_VIC_CFB_TSS_Enhancers_2795_non-targeting	non-targeting			
250514_VIC_CFB_TSS_Enhancers_2796_non-targeting	non-targeting			
250514_VIC_CFB_TSS_Enhancers_2797_non-targeting	non-targeting			
250514_VIC_CFB_TSS_Enhancers_2798_non-targeting	non-targeting			
250514_VIC_CFB_TSS_Enhancers_2799_non-targeting	non-targeting			
250514_VIC_CFB_TSS_Enhancers_2800_non-targeting	non-targeting			
250514_VIC_CFB_TSS_Enhancers_2801_non-targeting	non-targeting			
250514_VIC_CFB_TSS_Enhancers_2802_non-targeting	non-targeting			
250514_VIC_CFB_TSS_Enhancers_2803_non-targeting	non-targeting			
250514_VIC_CFB_TSS_Enhancers_2804_non-targeting	non-targeting			
250514_VIC_CFB_TSS_Enhancers_2805_non-targeting	non-targeting			
250514_VIC_CFB_TSS_Enhancers_2806_non-targeting	non-targeting			
250514_VIC_CFB_TSS_Enhancers_2807_non-targeting	non-targeting			
250514_VIC_CFB_TSS_Enhancers_2808_non-targeting	non-targeting			
250514_VIC_CFB_TSS_Enhancers_2809_non-targeting	non-targeting			
250514_VIC_CFB_TSS_Enhancers_2810_non-targeting	non-targeting			
250514_VIC_CFB_TSS_Enhancers_2811_non-targeting	non-targeting			
250514_VIC_CFB_TSS_Enhancers_2812_non-targeting	non-targeting			
250514_VIC_CFB_TSS_Enhancers_2813_non-targeting	non-targeting			
250514_VIC_CFB_TSS_Enhancers_2814_non-targeting	non-targeting			
250514_VIC_CFB_TSS_Enhancers_2815_non-targeting	non-targeting			
250514_VIC_CFB_TSS_Enhancers_2816_non-targeting	non-targeting			
250514_VIC_CFB_TSS_Enhancers_2817_non-targeting	non-targeting			
250514_VIC_CFB_TSS_Enhancers_2818_non-targeting	non-targeting			
250514_VIC_CFB_TSS_Enhancers_2819_non-targeting	non-targeting			
250514_VIC_CFB_TSS_Enhancers_2820_non-targeting	non-targeting			
250514_VIC_CFB_TSS_Enhancers_2821_non-targeting	non-targeting			
250514_VIC_CFB_TSS_Enhancers_2822_non-targeting	non-targeting			
250514_VIC_CFB_TSS_Enhancers_2823_non-targeting	non-targeting			
250514_VIC_CFB_TSS_Enhancers_2824_non-targeting	non-targeting			
250514_VIC_CFB_TSS_Enhancers_2825_non-targeting	non-targeting			
250514_VIC_CFB_TSS_Enhancers_2826_non-targeting	non-targeting			
250514_VIC_CFB_TSS_Enhancers_2827_non-targeting	non-targeting			
250514_VIC_CFB_TSS_Enhancers_2828_non-targeting	non-targeting			
250514_VIC_CFB_TSS_Enhancers_2829_non-targeting	non-targeting			
250514_VIC_CFB_TSS_Enhancers_2830_non-targeting	non-targeting			
250514_VIC_CFB_TSS_Enhancers_2831_non-targeting	non-targeting			
250514_VIC_CFB_TSS_Enhancers_2832_non-targeting	non-targeting			
250514_VIC_CFB_TSS_Enhancers_2833_non-targeting	non-targeting			
250514_VIC_CFB_TSS_Enhancers_2834_non-targeting	non-targeting			
250514_VIC_CFB_TSS_Enhancers_2835_non-targeting	non-targeting			
250514_VIC_CFB_TSS_Enhancers_2836_non-targeting	non-targeting			
250514_VIC_CFB_TSS_Enhancers_2837_non-targeting	non-targeting			
250514_VIC_CFB_TSS_Enhancers_2838_non-targeting	non-targeting			
250514_VIC_CFB_TSS_Enhancers_2839_non-targeting	non-targeting			
250514_VIC_CFB_TSS_Enhancers_2840_non-targeting	non-targeting			
250514_VIC_CFB_TSS_Enhancers_2841_non-targeting	non-targeting			
250514_VIC_CFB_TSS_Enhancers_2842_non-targeting	non-targeting			
250514_VIC_CFB_TSS_Enhancers_2843_non-targeting	non-targeting			
250514_VIC_CFB_TSS_Enhancers_2844_non-targeting	non-targeting			
250514_VIC_CFB_TSS_Enhancers_2845_non-targeting	non-targeting			
250514_VIC_CFB_TSS_Enhancers_2846_non-targeting	non-targeting			
250514_VIC_CFB_TSS_Enhancers_2847_non-targeting	non-targeting			
250514_VIC_CFB_TSS_Enhancers_2848_non-targeting	non-targeting			
250514_VIC_CFB_TSS_Enhancers_2849_non-targeting	non-targeting			
250514_VIC_CFB_TSS_Enhancers_2850_non-targeting	non-targeting			
250514_VIC_CFB_TSS_Enhancers_2851_non-targeting	non-targeting			
250514_VIC_CFB_TSS_Enhancers_2852_non-targeting	non-targeting			
250514_VIC_CFB_TSS_Enhancers_2853_non-targeting	non-targeting			
250514_VIC_CFB_TSS_Enhancers_2854_non-targeting	non-targeting			
250514_VIC_CFB_TSS_Enhancers_2855_non-targeting	non-targeting			
250514_VIC_CFB_TSS_Enhancers_2856_non-targeting	non-targeting			
250514_VIC_CFB_TSS_Enhancers_2857_non-targeting	non-targeting			
250514_VIC_CFB_TSS_Enhancers_2858_non-targeting	non-targeting			
250514_VIC_CFB_TSS_Enhancers_2859_non-targeting	non-targeting			
250514_VIC_CFB_TSS_Enhancers_2860_non-targeting	non-targeting			
250514_VIC_CFB_TSS_Enhancers_2861_non-targeting	non-targeting			
250514_VIC_CFB_TSS_Enhancers_2862_non-targeting	non-targeting			
250514_VIC_CFB_TSS_Enhancers_2863_non-targeting	non-targeting			
250514_VIC_CFB_TSS_Enhancers_2864_non-targeting	non-targeting			
250514_VIC_CFB_TSS_Enhancers_2865_non-targeting	non-targeting			
250514_VIC_CFB_TSS_Enhancers_2866_non-targeting	non-targeting			
250514_VIC_CFB_TSS_Enhancers_2867_non-targeting	non-targeting			
250514_VIC_CFB_TSS_Enhancers_2868_non-targeting	non-targeting			
250514_VIC_CFB_TSS_Enhancers_2869_non-targeting	non-targeting			
250514_VIC_CFB_TSS_Enhancers_2870_non-targeting	non-targeting			
250514_VIC_CFB_TSS_Enhancers_2871_non-targeting	non-targeting			
250514_VIC_CFB_TSS_Enhancers_2872_non-targeting	non-targeting			
250514_VIC_CFB_TSS_Enhancers_2873_non-targeting	non-targeting			
250514_VIC_CFB_TSS_Enhancers_2874_non-targeting	non-targeting			
250514_VIC_CFB_TSS_Enhancers_2875_non-targeting	non-targeting			
250514_VIC_CFB_TSS_Enhancers_2876_non-targeting	non-targeting			
250514_VIC_CFB_TSS_Enhancers_2877_non-targeting	non-targeting			
250514_VIC_CFB_TSS_Enhancers_2878_non-targeting	non-targeting			
250514_VIC_CFB_TSS_Enhancers_2879_non-targeting	non-targeting			
250514_VIC_CFB_TSS_Enhancers_2880_non-targeting	non-targeting			
250514_VIC_CFB_TSS_Enhancers_2881_non-targeting	non-targeting			
250514_VIC_CFB_TSS_Enhancers_2882_non-targeting	non-targeting			
250514_VIC_CFB_TSS_Enhancers_2883_non-targeting	non-targeting			
250514_VIC_CFB_TSS_Enhancers_2884_non-targeting	non-targeting			
250514_VIC_CFB_TSS_Enhancers_2885_non-targeting	non-targeting			
250514_VIC_CFB_TSS_Enhancers_2886_non-targeting	non-targeting			
250514_VIC_CFB_TSS_Enhancers_2887_non-targeting	non-targeting			
250514_VIC_CFB_TSS_Enhancers_2888_non-targeting	non-targeting			
250514_VIC_CFB_TSS_Enhancers_2889_non-targeting	non-targeting			
250514_VIC_CFB_TSS_Enhancers_2890_non-targeting	non-targeting			
250514_VIC_CFB_TSS_Enhancers_2891_non-targeting	non-targeting			
250514_VIC_CFB_TSS_Enhancers_2892_non-targeting	non-targeting			
250514_VIC_CFB_TSS_Enhancers_2893_non-targeting	non-targeting			
250514_VIC_CFB_TSS_Enhancers_2894_non-targeting	non-targeting			
250514_VIC_CFB_TSS_Enhancers_2895_non-targeting	non-targeting			
250514_VIC_CFB_TSS_Enhancers_2896_non-targeting	non-targeting			
250514_VIC_CFB_TSS_Enhancers_2897_non-targeting	non-targeting			
250514_VIC_CFB_TSS_Enhancers_2898_non-targeting	non-targeting			
250514_VIC_CFB_TSS_Enhancers_2899_non-targeting	non-targeting			
250514_VIC_CFB_TSS_Enhancers_2900_non-targeting	non-targeting			
250514_VIC_CFB_TSS_Enhancers_2901_non-targeting	non-targeting			
250514_VIC_CFB_TSS_Enhancers_2902_non-targeting	non-targeting			
250514_VIC_CFB_TSS_Enhancers_2903_non-targeting	non-targeting			
250514_VIC_CFB_TSS_Enhancers_2904_non-targeting	non-targeting			
250514_VIC_CFB_TSS_Enhancers_2905_non-targeting	non-targeting			
250514_VIC_CFB_TSS_Enhancers_2906_non-targeting	non-targeting			
250514_VIC_CFB_TSS_Enhancers_2907_non-targeting	non-targeting			
250514_VIC_CFB_TSS_Enhancers_2908_non-targeting	non-targeting			
250514_VIC_CFB_TSS_Enhancers_2909_non-targeting	non-targeting			
250514_VIC_CFB_TSS_Enhancers_2910_non-targeting	non-targeting			
250514_VIC_CFB_TSS_Enhancers_2911_non-targeting	non-targeting			
250514_VIC_CFB_TSS_Enhancers_2912_non-targeting	non-targeting			
250514_VIC_CFB_TSS_Enhancers_2913_non-targeting	non-targeting			
250514_VIC_CFB_TSS_Enhancers_2914_non-targeting	non-targeting			
250514_VIC_CFB_TSS_Enhancers_2915_non-targeting	non-targeting			
250514_VIC_CFB_TSS_Enhancers_2916_non-targeting	non-targeting			
250514_VIC_CFB_TSS_Enhancers_2917_non-targeting	non-targeting			
250514_VIC_CFB_TSS_Enhancers_2918_non-targeting	non-targeting			
250514_VIC_CFB_TSS_Enhancers_2919_non-targeting	non-targeting			
250514_VIC_CFB_TSS_Enhancers_2920_non-targeting	non-targeting			
250514_VIC_CFB_TSS_Enhancers_2921_non-targeting	non-targeting			
250514_VIC_CFB_TSS_Enhancers_2922_non-targeting	non-targeting			
250514_VIC_CFB_TSS_Enhancers_2923_non-targeting	non-targeting			
250514_VIC_CFB_TSS_Enhancers_2924_non-targeting	non-targeting			
250514_VIC_CFB_TSS_Enhancers_2925_non-targeting	non-targeting			
250514_VIC_CFB_TSS_Enhancers_2926_non-targeting	non-targeting			
250514_VIC_CFB_TSS_Enhancers_2927_non-targeting	non-targeting			
250514_VIC_CFB_TSS_Enhancers_2928_non-targeting	non-targeting			
250514_VIC_CFB_TSS_Enhancers_2929_non-targeting	non-targeting			
250514_VIC_CFB_TSS_Enhancers_2930_non-targeting	non-targeting			
250514_VIC_CFB_TSS_Enhancers_2931_non-targeting	non-targeting			
250514_VIC_CFB_TSS_Enhancers_2932_non-targeting	non-targeting			
250514_VIC_CFB_TSS_Enhancers_2933_non-targeting	non-targeting			
250514_VIC_CFB_TSS_Enhancers_2934_non-targeting	non-targeting			
250514_VIC_CFB_TSS_Enhancers_2935_non-targeting	non-targeting			
250514_VIC_CFB_TSS_Enhancers_2936_non-targeting	non-targeting			
250514_VIC_CFB_TSS_Enhancers_2937_non-targeting	non-targeting			
250514_VIC_CFB_TSS_Enhancers_2938_non-targeting	non-targeting			
250514_VIC_CFB_TSS_Enhancers_2939_non-targeting	non-targeting			
250514_VIC_CFB_TSS_Enhancers_2940_non-targeting	non-targeting			
250514_VIC_CFB_TSS_Enhancers_2941_non-targeting	non-targeting			
250514_VIC_CFB_TSS_Enhancers_2942_non-targeting	non-targeting			
250514_VIC_CFB_TSS_Enhancers_2943_non-targeting	non-targeting			
250514_VIC_CFB_TSS_Enhancers_2944_non-targeting	non-targeting			
250514_VIC_CFB_TSS_Enhancers_2945_non-targeting	non-targeting			
250514_VIC_CFB_TSS_Enhancers_2946_non-targeting	non-targeting			
250514_VIC_CFB_TSS_Enhancers_2947_non-targeting	non-targeting			
250514_VIC_CFB_TSS_Enhancers_2948_non-targeting	non-targeting			
250514_VIC_CFB_TSS_Enhancers_2949_non-targeting	non-targeting			
250514_VIC_CFB_TSS_Enhancers_2950_non-targeting	non-targeting			
250514_VIC_CFB_TSS_Enhancers_2951_non-targeting	non-targeting			
250514_VIC_CFB_TSS_Enhancers_2952_non-targeting	non-targeting			
250514_VIC_CFB_TSS_Enhancers_2953_non-targeting	non-targeting			
250514_VIC_CFB_TSS_Enhancers_2954_non-targeting	non-targeting			
250514_VIC_CFB_TSS_Enhancers_2955_non-targeting	non-targeting			
250514_VIC_CFB_TSS_Enhancers_2956_non-targeting	non-targeting			
250514_VIC_CFB_TSS_Enhancers_2957_non-targeting	non-targeting			
250514_VIC_CFB_TSS_Enhancers_2304	ENSG00000179588	chr16	88453058.0	88453078.0
250514_VIC_CFB_TSS_Enhancers_2315	ENSG00000179588	chr16	88453423.0	88453443.0
250514_VIC_CFB_TSS_Enhancers_2314	ENSG00000179588	chr16	88453406.0	88453426.0
250514_VIC_CFB_TSS_Enhancers_2312	ENSG00000179588	chr16	88453336.0	88453356.0
250514_VIC_CFB_TSS_Enhancers_2311	ENSG00000179588	chr16	88453297.0	88453317.0
250514_VIC_CFB_TSS_Enhancers_2305	ENSG00000179588	chr16	88453108.0	88453128.0
250514_VIC_CFB_TSS_Enhancers_2306	ENSG00000179588	chr16	88453117.0	88453137.0
250514_VIC_CFB_TSS_Enhancers_2316	ENSG00000179588	chr16	88453459.0	88453479.0
250514_VIC_CFB_TSS_Enhancers_2310	ENSG00000179588	chr16	88453280.0	88453300.0
250514_VIC_CFB_TSS_Enhancers_2313	ENSG00000179588	chr16	88453371.0	88453391.0
250514_VIC_CFB_TSS_Enhancers_2317	ENSG00000179588	chr16	88453466.0	88453486.0
250514_VIC_CFB_TSS_Enhancers_1_verified	ENSG00000179588	chr16	88453345.0	88453365.0
250514_VIC_CFB_TSS_Enhancers_199_verified	ENSG00000179588	chr16	88453283.0	88453303.0
250514_VIC_CFB_TSS_Enhancers_222_verified	ENSG00000179588	chr16	88453461.0	88453481.0
250514_VIC_CFB_TSS_Enhancers_388_verified	ENSG00000179588	chr16	88453328.0	88453347.0
250514_VIC_CFB_TSS_Enhancers_635	ENSG00000138650	chr4	133149167.0	133149187.0
250514_VIC_CFB_TSS_Enhancers_638	ENSG00000138650	chr4	133149265.0	133149285.0
250514_VIC_CFB_TSS_Enhancers_637	ENSG00000138650	chr4	133149230.0	133149250.0
250514_VIC_CFB_TSS_Enhancers_636	ENSG00000138650	chr4	133149197.0	133149217.0
250514_VIC_CFB_TSS_Enhancers_632	ENSG00000138650	chr4	133149123.0	133149143.0
250514_VIC_CFB_TSS_Enhancers_634	ENSG00000138650	chr4	133149156.0	133149176.0
250514_VIC_CFB_TSS_Enhancers_633	ENSG00000138650	chr4	133149138.0	133149158.0
250514_VIC_CFB_TSS_Enhancers_640	ENSG00000138650	chr4	133149412.0	133149432.0
250514_VIC_CFB_TSS_Enhancers_631	ENSG00000138650	chr4	133149079.0	133149099.0
250514_VIC_CFB_TSS_Enhancers_628	ENSG00000138650	chr4	133149055.0	133149075.0
250514_VIC_CFB_TSS_Enhancers_630	ENSG00000138650	chr4	133149069.0	133149089.0
250514_VIC_CFB_TSS_Enhancers_642	ENSG00000138650	chr4	133149516.0	133149536.0
250514_VIC_CFB_TSS_Enhancers_3_verified	ENSG00000138650	chr4	133149295.0	133149315.0
250514_VIC_CFB_TSS_Enhancers_190_verified	ENSG00000138650	chr4	133149232.0	133149252.0
250514_VIC_CFB_TSS_Enhancers_354_verified	ENSG00000138650	chr4	133149425.0	133149445.0
250514_VIC_CFB_TSS_Enhancers_208	ENSG00000075292	chr2	71331912.0	71331932.0
250514_VIC_CFB_TSS_Enhancers_210	ENSG00000075292	chr2	71331981.0	71332001.0
250514_VIC_CFB_TSS_Enhancers_206	ENSG00000075292	chr2	71331857.0	71331877.0
250514_VIC_CFB_TSS_Enhancers_202	ENSG00000075292	chr2	71331706.0	71331726.0
250514_VIC_CFB_TSS_Enhancers_197	ENSG00000075292	chr2	71331579.0	71331599.0
250514_VIC_CFB_TSS_Enhancers_205	ENSG00000075292	chr2	71331843.0	71331863.0
250514_VIC_CFB_TSS_Enhancers_199	ENSG00000075292	chr2	71331656.0	71331676.0
250514_VIC_CFB_TSS_Enhancers_203	ENSG00000075292	chr2	71331727.0	71331747.0
250514_VIC_CFB_TSS_Enhancers_198	ENSG00000075292	chr2	71331630.0	71331650.0
250514_VIC_CFB_TSS_Enhancers_209	ENSG00000075292	chr2	71331945.0	71331965.0
250514_VIC_CFB_TSS_Enhancers_4_verified	ENSG00000075292	chr2	71331825.0	71331845.0
250514_VIC_CFB_TSS_Enhancers_16_verified	ENSG00000075292	chr2	71331999.0	71332004.0
250514_VIC_CFB_TSS_Enhancers_69_verified	ENSG00000075292	chr2	71331984.0	71332004.0
250514_VIC_CFB_TSS_Enhancers_104_verified	ENSG00000075292	chr2	71331853.0	71331873.0
250514_VIC_CFB_TSS_Enhancers_248_verified	ENSG00000075292	chr2	71331966.0	71331986.0
250514_VIC_CFB_TSS_Enhancers_873	ENSG00000152377	chr5	137499377.0	137499397.0
250514_VIC_CFB_TSS_Enhancers_866	ENSG00000152377	chr5	137499202.0	137499222.0
250514_VIC_CFB_TSS_Enhancers_868	ENSG00000152377	chr5	137499233.0	137499253.0
250514_VIC_CFB_TSS_Enhancers_867	ENSG00000152377	chr5	137499217.0	137499237.0
250514_VIC_CFB_TSS_Enhancers_876	ENSG00000152377	chr5	137499447.0	137499467.0
250514_VIC_CFB_TSS_Enhancers_864	ENSG00000152377	chr5	137499146.0	137499166.0
250514_VIC_CFB_TSS_Enhancers_870	ENSG00000152377	chr5	137499286.0	137499306.0
250514_VIC_CFB_TSS_Enhancers_871	ENSG00000152377	chr5	137499317.0	137499337.0
250514_VIC_CFB_TSS_Enhancers_865	ENSG00000152377	chr5	137499193.0	137499213.0
250514_VIC_CFB_TSS_Enhancers_862	ENSG00000152377	chr5	137499112.0	137499132.0
250514_VIC_CFB_TSS_Enhancers_874	ENSG00000152377	chr5	137499407.0	137499427.0
250514_VIC_CFB_TSS_Enhancers_863	ENSG00000152377	chr5	137499124.0	137499144.0
250514_VIC_CFB_TSS_Enhancers_5_verified	ENSG00000152377	chr5	137499289.0	137499308.0
250514_VIC_CFB_TSS_Enhancers_202_verified	ENSG00000152377	chr5	137499234.0	137499253.0
250514_VIC_CFB_TSS_Enhancers_384_verified	ENSG00000152377	chr5	137499304.0	137499323.0
250514_VIC_CFB_TSS_Enhancers_2328	ENSG00000196712	chr17	31094976.0	31094996.0
250514_VIC_CFB_TSS_Enhancers_2321	ENSG00000196712	chr17	31094767.0	31094787.0
250514_VIC_CFB_TSS_Enhancers_2322	ENSG00000196712	chr17	31094799.0	31094819.0
250514_VIC_CFB_TSS_Enhancers_2320	ENSG00000196712	chr17	31094751.0	31094771.0
250514_VIC_CFB_TSS_Enhancers_2323	ENSG00000196712	chr17	31094858.0	31094878.0
250514_VIC_CFB_TSS_Enhancers_2327	ENSG00000196712	chr17	31094963.0	31094983.0
250514_VIC_CFB_TSS_Enhancers_2332	ENSG00000196712	chr17	31095137.0	31095157.0
250514_VIC_CFB_TSS_Enhancers_2329	ENSG00000196712	chr17	31095001.0	31095021.0
250514_VIC_CFB_TSS_Enhancers_2326	ENSG00000196712	chr17	31094951.0	31094971.0
250514_VIC_CFB_TSS_Enhancers_2324	ENSG00000196712	chr17	31094908.0	31094928.0
250514_VIC_CFB_TSS_Enhancers_6_verified	ENSG00000196712	chr17	31094965.0	31094985.0
250514_VIC_CFB_TSS_Enhancers_31_verified	ENSG00000196712	chr17	31094983.0	31095003.0
250514_VIC_CFB_TSS_Enhancers_125_verified	ENSG00000196712	chr17	31094975.0	31094994.0
250514_VIC_CFB_TSS_Enhancers_323_verified	ENSG00000196712	chr17	31094956.0	31094975.0
250514_VIC_CFB_TSS_Enhancers_359_verified	ENSG00000196712	chr17	31095035.0	31095055.0
250514_VIC_CFB_TSS_Enhancers_1847	ENSG00000149294	chr11	112961122.0	112961142.0
250514_VIC_CFB_TSS_Enhancers_1850	ENSG00000149294	chr11	112961216.0	112961236.0
250514_VIC_CFB_TSS_Enhancers_1855	ENSG00000149294	chr11	112961348.0	112961368.0
250514_VIC_CFB_TSS_Enhancers_1851	ENSG00000149294	chr11	112961263.0	112961283.0
250514_VIC_CFB_TSS_Enhancers_1857	ENSG00000149294	chr11	112961369.0	112961389.0
250514_VIC_CFB_TSS_Enhancers_1846	ENSG00000149294	chr11	112961080.0	112961100.0
250514_VIC_CFB_TSS_Enhancers_1852	ENSG00000149294	chr11	112961288.0	112961308.0
250514_VIC_CFB_TSS_Enhancers_1859	ENSG00000149294	chr11	112961445.0	112961465.0
250514_VIC_CFB_TSS_Enhancers_1849	ENSG00000149294	chr11	112961171.0	112961191.0
250514_VIC_CFB_TSS_Enhancers_1858	ENSG00000149294	chr11	112961389.0	112961409.0
250514_VIC_CFB_TSS_Enhancers_1856	ENSG00000149294	chr11	112961368.0	112961388.0
250514_VIC_CFB_TSS_Enhancers_1848	ENSG00000149294	chr11	112961167.0	112961187.0
250514_VIC_CFB_TSS_Enhancers_1853	ENSG00000149294	chr11	112961289.0	112961309.0
250514_VIC_CFB_TSS_Enhancers_1854	ENSG00000149294	chr11	112961330.0	112961350.0
250514_VIC_CFB_TSS_Enhancers_7_verified	ENSG00000149294	chr11	112961442.0	112961461.0
250514_VIC_CFB_TSS_Enhancers_1861	ENSG00000149294	chr11	112961501.0	112961521.0
250514_VIC_CFB_TSS_Enhancers_1862	ENSG00000149294	chr11	112961533.0	112961553.0
250514_VIC_CFB_TSS_Enhancers_1864	ENSG00000149294	chr11	112961578.0	112961599.0
250514_VIC_CFB_TSS_Enhancers_1863	ENSG00000149294	chr11	112961536.0	112961556.0
250514_VIC_CFB_TSS_Enhancers_1866	ENSG00000149294	chr11	112961653.0	112961673.0
250514_VIC_CFB_TSS_Enhancers_1865	ENSG00000149294	chr11	112961597.0	112961617.0
250514_VIC_CFB_TSS_Enhancers_232_verified	ENSG00000149294	chr11	112961517.0	112961537.0
250514_VIC_CFB_TSS_Enhancers_247_verified	ENSG00000149294	chr11	112961501.0	112961520.0
250514_VIC_CFB_TSS_Enhancers_395_verified	ENSG00000149294	chr11	112961616.0	
250514_VIC_CFB_TSS_Enhancers_2555	ENSG00000141448	chr18	22169462.0	22169482.0
250514_VIC_CFB_TSS_Enhancers_2558	ENSG00000141448	chr18	22169589.0	22169609.0
250514_VIC_CFB_TSS_Enhancers_2557	ENSG00000141448	chr18	22169557.0	22169577.0
250514_VIC_CFB_TSS_Enhancers_2562	ENSG00000141448	chr18	22169643.0	22169663.0
250514_VIC_CFB_TSS_Enhancers_2559	ENSG00000141448	chr18	22169595.0	22169615.0
250514_VIC_CFB_TSS_Enhancers_2551	ENSG00000141448	chr18	22169289.0	22169309.0
250514_VIC_CFB_TSS_Enhancers_2564	ENSG00000141448	chr18	22169680.0	22169700.0
250514_VIC_CFB_TSS_Enhancers_2563	ENSG00000141448	chr18	22169663.0	22169683.0
250514_VIC_CFB_TSS_Enhancers_2554	ENSG00000141448	chr18	22169433.0	22169453.0
250514_VIC_CFB_TSS_Enhancers_2556	ENSG00000141448	chr18	22169490.0	22169510.0
250514_VIC_CFB_TSS_Enhancers_9_verified	ENSG00000141448	chr18	22169675.0	22169686.0
250514_VIC_CFB_TSS_Enhancers_44_verified	ENSG00000141448	chr18	22169604.0	22169624.0
250514_VIC_CFB_TSS_Enhancers_133_verified	ENSG00000141448	chr18	22169588.0	22169608.0
250514_VIC_CFB_TSS_Enhancers_137_verified	ENSG00000141448	chr18	22169614.0	22169634.0
250514_VIC_CFB_TSS_Enhancers_402_verified	ENSG00000141448	chr18	22169650.0	22169669.0
250514_VIC_CFB_TSS_Enhancers_2569	ENSG00000141448	chr18	22169783.0	22169803.0
250514_VIC_CFB_TSS_Enhancers_2567	ENSG00000141448	chr18	22169735.0	22169755.0
250514_VIC_CFB_TSS_Enhancers_2565	ENSG00000141448	chr18	22169697.0	22169717.0
250514_VIC_CFB_TSS_Enhancers_2566	ENSG00000141448	chr18	22169727.0	22169747.0
250514_VIC_CFB_TSS_Enhancers_2568	ENSG00000141448	chr18	22169767.0	22169787.0
250514_VIC_CFB_TSS_Enhancers_2570	ENSG00000141448	chr18	22169808.0	22169828.0
250514_VIC_CFB_TSS_Enhancers_2464	ENSG00000141736	chr17	39699865.0	39699885.0
250514_VIC_CFB_TSS_Enhancers_2476	ENSG00000141736	chr17	39700245.0	39700265.0
250514_VIC_CFB_TSS_Enhancers_2467	ENSG00000141736	chr17	39700058.0	39700078.0
250514_VIC_CFB_TSS_Enhancers_2468	ENSG00000141736	chr17	39700070.0	39700090.0
250514_VIC_CFB_TSS_Enhancers_2463	ENSG00000141736	chr17	39699844.0	39699864.0
250514_VIC_CFB_TSS_Enhancers_2470	ENSG00000141736	chr17	39700119.0	39700139.0
250514_VIC_CFB_TSS_Enhancers_2466	ENSG00000141736	chr17	39699939.0	39699959.0
250514_VIC_CFB_TSS_Enhancers_2465	ENSG00000141736	chr17	39699886.0	39699906.0
250514_VIC_CFB_TSS_Enhancers_2469	ENSG00000141736	chr17	39700104.0	39700124.0
250514_VIC_CFB_TSS_Enhancers_10_verified	ENSG00000141736	chr17	39700052.0	39700072.0
250514_VIC_CFB_TSS_Enhancers_61_verified	ENSG00000141736	chr17	39700105.0	39700125.0
250514_VIC_CFB_TSS_Enhancers_285_verified	ENSG00000141736	chr17	39700059.0	39700078.0
250514_VIC_CFB_TSS_Enhancers_297_verified	ENSG00000141736	chr17	39700123.0	39700142.0
250514_VIC_CFB_TSS_Enhancers_352_verified	ENSG00000141736	chr17	39700117.0	39700137.0
250514_VIC_CFB_TSS_Enhancers_425_verified	ENSG00000141736	chr17	39700066.0	39700085.0
250514_VIC_CFB_TSS_Enhancers_536	ENSG00000156140	chr4	72569374.0	72569394.0
250514_VIC_CFB_TSS_Enhancers_540	ENSG00000156140	chr4	72569432.0	72569452.0
250514_VIC_CFB_TSS_Enhancers_534	ENSG00000156140	chr4	72569326.0	72569346.0
250514_VIC_CFB_TSS_Enhancers_532	ENSG00000156140	chr4	72569233.0	72569253.0
250514_VIC_CFB_TSS_Enhancers_539	ENSG00000156140	chr4	72569420.0	72569440.0
250514_VIC_CFB_TSS_Enhancers_538	ENSG00000156140	chr4	72569415.0	72569435.0
250514_VIC_CFB_TSS_Enhancers_535	ENSG00000156140	chr4	72569355.0	72569375.0
250514_VIC_CFB_TSS_Enhancers_528	ENSG00000156140	chr4	72569024.0	72569044.0
250514_VIC_CFB_TSS_Enhancers_530	ENSG00000156140	chr4	72569140.0	72569160.0
250514_VIC_CFB_TSS_Enhancers_12_verified	ENSG00000156140	chr4	72569014.0	72569034.0
250514_VIC_CFB_TSS_Enhancers_170_verified	ENSG00000156140	chr4	72568985.0	72569005.0
250514_VIC_CFB_TSS_Enhancers_181_verified	ENSG00000156140	chr4	72569112.0	72569131.0
250514_VIC_CFB_TSS_Enhancers_215_verified	ENSG00000156140	chr4	72569121.0	72569141.0
250514_VIC_CFB_TSS_Enhancers_272_verified	ENSG00000156140	chr4	72569234.0	72569253.0
250514_VIC_CFB_TSS_Enhancers_342_verified	ENSG00000156140	chr4	72569152.0	72569172.0
250514_VIC_CFB_TSS_Enhancers_2247	ENSG00000137834	chr15	66702188.0	66702208.0
250514_VIC_CFB_TSS_Enhancers_2255	ENSG00000137834	chr15	66702459.0	66702479.0
250514_VIC_CFB_TSS_Enhancers_2249	ENSG00000137834	chr15	66702257.0	66702277.0
250514_VIC_CFB_TSS_Enhancers_2257	ENSG00000137834	chr15	66702504.0	66702524.0
250514_VIC_CFB_TSS_Enhancers_2248	ENSG00000137834	chr15	66702225.0	66702245.0
250514_VIC_CFB_TSS_Enhancers_2251	ENSG00000137834	chr15	66702374.0	66702394.0
250514_VIC_CFB_TSS_Enhancers_2250	ENSG00000137834	chr15	66702349.0	66702369.0
250514_VIC_CFB_TSS_Enhancers_2243	ENSG00000137834	chr15	66702094.0	66702114.0
250514_VIC_CFB_TSS_Enhancers_2254	ENSG00000137834	chr15	66702413.0	66702433.0
250514_VIC_CFB_TSS_Enhancers_2244	ENSG00000137834	chr15	66702109.0	66702129.0
250514_VIC_CFB_TSS_Enhancers_13_verified	ENSG00000137834	chr15	66702403.0	66702423.0
250514_VIC_CFB_TSS_Enhancers_58_verified	ENSG00000137834	chr15	66702350.0	66702370.0
250514_VIC_CFB_TSS_Enhancers_155_verified	ENSG00000137834	chr15	66702386.0	66702406.0
250514_VIC_CFB_TSS_Enhancers_305_verified	ENSG00000137834	chr15	66702571.0	66702585.0
250514_VIC_CFB_TSS_Enhancers_390_verified	ENSG00000137834	chr15	66702368.0	66702388.0
250514_VIC_CFB_TSS_Enhancers_2752	ENSG00000147257	chrX	133985717.0	133985737.0
250514_VIC_CFB_TSS_Enhancers_2757	ENSG00000147257	chrX	133985871.0	133985891.0
250514_VIC_CFB_TSS_Enhancers_2744	ENSG00000147257	chrX	133985440.0	133985460.0
250514_VIC_CFB_TSS_Enhancers_2743	ENSG00000147257	chrX	133985407.0	133985427.0
250514_VIC_CFB_TSS_Enhancers_2746	ENSG00000147257	chrX	133985493.0	133985513.0
250514_VIC_CFB_TSS_Enhancers_2754	ENSG00000147257	chrX	133985798.0	133985818.0
250514_VIC_CFB_TSS_Enhancers_2753	ENSG00000147257	chrX	133985726.0	133985746.0
250514_VIC_CFB_TSS_Enhancers_2748	ENSG00000147257	chrX	133985580.0	133985600.0
250514_VIC_CFB_TSS_Enhancers_2750	ENSG00000147257	chrX	133985615.0	133985635.0
250514_VIC_CFB_TSS_Enhancers_2756	ENSG00000147257	chrX	133985862.0	133985882.0
250514_VIC_CFB_TSS_Enhancers_2755	ENSG00000147257	chrX	133985821.0	133985841.0
250514_VIC_CFB_TSS_Enhancers_2745	ENSG00000147257	chrX	133985456.0	133985476.0
250514_VIC_CFB_TSS_Enhancers_14_verified	ENSG00000147257	chrX	133985574.0	133985594.0
250514_VIC_CFB_TSS_Enhancers_135_verified	ENSG00000147257	chrX	133985396.0	133985402.0
250514_VIC_CFB_TSS_Enhancers_147_verified	ENSG00000147257	chrX	133985583.0	133985603.0
250514_VIC_CFB_TSS_Enhancers_1511	ENSG00000169946	chr8	105318480.0	105318500.0
250514_VIC_CFB_TSS_Enhancers_1510	ENSG00000169946	chr8	105318478.0	105318498.0
250514_VIC_CFB_TSS_Enhancers_1503	ENSG00000169946	chr8	105318293.0	105318313.0
250514_VIC_CFB_TSS_Enhancers_1504	ENSG00000169946	chr8	105318313.0	105318333.0
250514_VIC_CFB_TSS_Enhancers_1512	ENSG00000169946	chr8	105318493.0	105318513.0
250514_VIC_CFB_TSS_Enhancers_1508	ENSG00000169946	chr8	105318429.0	105318449.0
250514_VIC_CFB_TSS_Enhancers_1514	ENSG00000169946	chr8	105318654.0	105318674.0
250514_VIC_CFB_TSS_Enhancers_1506	ENSG00000169946	chr8	105318361.0	105318381.0
250514_VIC_CFB_TSS_Enhancers_1509	ENSG00000169946	chr8	105318437.0	105318457.0
250514_VIC_CFB_TSS_Enhancers_1505	ENSG00000169946	chr8	105318349.0	105318369.0
250514_VIC_CFB_TSS_Enhancers_1507	ENSG00000169946	chr8	105318411.0	105318431.0
250514_VIC_CFB_TSS_Enhancers_18_verified	ENSG00000169946	chr8	105318648.0	105318668.0
250514_VIC_CFB_TSS_Enhancers_216_verified	ENSG00000169946	chr8	105318500.0	105318520.0
250514_VIC_CFB_TSS_Enhancers_307_verified	ENSG00000169946	chr8	105318479.0	105318498.0
250514_VIC_CFB_TSS_Enhancers_370_verified	ENSG00000169946	chr8	105318487.0	105318507.0
250514_VIC_CFB_TSS_Enhancers_435	ENSG00000173473	chr3	47782141.0	47782161.0
250514_VIC_CFB_TSS_Enhancers_427	ENSG00000173473	chr3	47781840.0	47781860.0
250514_VIC_CFB_TSS_Enhancers_429	ENSG00000173473	chr3	47781912.0	47781932.0
250514_VIC_CFB_TSS_Enhancers_425	ENSG00000173473	chr3	47781796.0	47781816.0
250514_VIC_CFB_TSS_Enhancers_428	ENSG00000173473	chr3	47781876.0	47781896.0
250514_VIC_CFB_TSS_Enhancers_432	ENSG00000173473	chr3	47782003.0	47782023.0
250514_VIC_CFB_TSS_Enhancers_433	ENSG00000173473	chr3	47782052.0	47782072.0
250514_VIC_CFB_TSS_Enhancers_423	ENSG00000173473	chr3	47781740.0	47781760.0
250514_VIC_CFB_TSS_Enhancers_422	ENSG00000173473	chr3	47781701.0	47781721.0
250514_VIC_CFB_TSS_Enhancers_430	ENSG00000173473	chr3	47781923.0	47781943.0
250514_VIC_CFB_TSS_Enhancers_426	ENSG00000173473	chr3	47781829.0	47781849.0
250514_VIC_CFB_TSS_Enhancers_421	ENSG00000173473	chr3	47781690.0	47781710.0
250514_VIC_CFB_TSS_Enhancers_19_verified	ENSG00000173473	chr3	47781829.0	47781848.0
250514_VIC_CFB_TSS_Enhancers_179_verified	ENSG00000173473	chr3	47781839.0	47781858.0
250514_VIC_CFB_TSS_Enhancers_341_verified	ENSG00000173473	chr3	47781853.0	47781872.0
250514_VIC_CFB_TSS_Enhancers_1569	ENSG00000119403	chr9	120877338.0	120877358.0
250514_VIC_CFB_TSS_Enhancers_1574	ENSG00000119403	chr9	120877502.0	120877522.0
250514_VIC_CFB_TSS_Enhancers_1561	ENSG00000119403	chr9	120877089.0	120877109.0
250514_VIC_CFB_TSS_Enhancers_1565	ENSG00000119403	chr9	120877180.0	120877200.0
250514_VIC_CFB_TSS_Enhancers_1570	ENSG00000119403	chr9	120877383.0	120877403.0
250514_VIC_CFB_TSS_Enhancers_1563	ENSG00000119403	chr9	120877131.0	120877151.0
250514_VIC_CFB_TSS_Enhancers_1575	ENSG00000119403	chr9	120877541.0	120877561.0
250514_VIC_CFB_TSS_Enhancers_1572	ENSG00000119403	chr9	120877456.0	120877476.0
250514_VIC_CFB_TSS_Enhancers_1562	ENSG00000119403	chr9	120877114.0	120877134.0
250514_VIC_CFB_TSS_Enhancers_20_verified	ENSG00000119403	chr9	120877170.0	120877190.0
250514_VIC_CFB_TSS_Enhancers_22_verified	ENSG00000119403	chr9	120877078.0	120877094.0
250514_VIC_CFB_TSS_Enhancers_47_verified	ENSG00000119403	chr9	120877108.0	120877127.0
250514_VIC_CFB_TSS_Enhancers_122_verified	ENSG00000119403	chr9	120877180.0	120877199.0
250514_VIC_CFB_TSS_Enhancers_166_verified	ENSG00000119403	chr9	120877092.0	120877112.0
250514_VIC_CFB_TSS_Enhancers_408_verified	ENSG00000119403	chr9	120877126.0	120877145.0
250514_VIC_CFB_TSS_Enhancers_2240	ENSG00000166147	chr15	48645919.0	48645939.0
250514_VIC_CFB_TSS_Enhancers_2232	ENSG00000166147	chr15	48645624.0	48645644.0
250514_VIC_CFB_TSS_Enhancers_2235	ENSG00000166147	chr15	48645741.0	48645761.0
250514_VIC_CFB_TSS_Enhancers_2228	ENSG00000166147	chr15	48645549.0	48645569.0
250514_VIC_CFB_TSS_Enhancers_2236	ENSG00000166147	chr15	48645826.0	48645846.0
250514_VIC_CFB_TSS_Enhancers_2230	ENSG00000166147	chr15	48645565.0	48645585.0
250514_VIC_CFB_TSS_Enhancers_2229	ENSG00000166147	chr15	48645561.0	48645581.0
250514_VIC_CFB_TSS_Enhancers_2238	ENSG00000166147	chr15	48645890.0	48645910.0
250514_VIC_CFB_TSS_Enhancers_2231	ENSG00000166147	chr15	48645589.0	48645609.0
250514_VIC_CFB_TSS_Enhancers_2233	ENSG00000166147	chr15	48645670.0	48645690.0
250514_VIC_CFB_TSS_Enhancers_23_verified	ENSG00000166147	chr15	48645656.0	48645676.0
250514_VIC_CFB_TSS_Enhancers_59_verified	ENSG00000166147	chr15	48645634.0	48645654.0
250514_VIC_CFB_TSS_Enhancers_259_verified	ENSG00000166147	chr15	48645643.0	48645663.0
250514_VIC_CFB_TSS_Enhancers_335_verified	ENSG00000166147	chr15	48645623.0	48645642.0
250514_VIC_CFB_TSS_Enhancers_348_verified	ENSG00000166147	chr15	48645683.0	48645702.0
250514_VIC_CFB_TSS_Enhancers_1911	ENSG00000165966	chr12	41188541.0	41188561.0
250514_VIC_CFB_TSS_Enhancers_1903	ENSG00000165966	chr12	41188253.0	41188273.0
250514_VIC_CFB_TSS_Enhancers_1910	ENSG00000165966	chr12	41188533.0	41188553.0
250514_VIC_CFB_TSS_Enhancers_1901	ENSG00000165966	chr12	41188200.0	41188220.0
250514_VIC_CFB_TSS_Enhancers_1908	ENSG00000165966	chr12	41188469.0	41188489.0
250514_VIC_CFB_TSS_Enhancers_1907	ENSG00000165966	chr12	41188446.0	41188466.0
250514_VIC_CFB_TSS_Enhancers_1900	ENSG00000165966	chr12	41188158.0	41188178.0
250514_VIC_CFB_TSS_Enhancers_1905	ENSG00000165966	chr12	41188356.0	41188376.0
250514_VIC_CFB_TSS_Enhancers_1899	ENSG00000165966	chr12	41188119.0	41188139.0
250514_VIC_CFB_TSS_Enhancers_1898	ENSG00000165966	chr12	41188093.0	41188113.0
250514_VIC_CFB_TSS_Enhancers_1909	ENSG00000165966	chr12	41188496.0	41188516.0
250514_VIC_CFB_TSS_Enhancers_24_verified	ENSG00000165966	chr12	41188523.0	41188543.0
250514_VIC_CFB_TSS_Enhancers_118_verified	ENSG00000165966	chr12	41188497.0	41188517.0
250514_VIC_CFB_TSS_Enhancers_193_verified	ENSG00000165966	chr12	41188551.0	41188570.0
250514_VIC_CFB_TSS_Enhancers_399_verified	ENSG00000165966	chr12	41188539.0	41188559.0
250514_VIC_CFB_TSS_Enhancers_1518	ENSG00000104447	chr8	115668967.0	115668987.0
250514_VIC_CFB_TSS_Enhancers_1525	ENSG00000104447	chr8	115669175.0	115669195.0
250514_VIC_CFB_TSS_Enhancers_1516	ENSG00000104447	chr8	115668849.0	115668869.0
250514_VIC_CFB_TSS_Enhancers_1526	ENSG00000104447	chr8	115669184.0	115669204.0
250514_VIC_CFB_TSS_Enhancers_1520	ENSG00000104447	chr8	115669040.0	115669060.0
250514_VIC_CFB_TSS_Enhancers_1524	ENSG00000104447	chr8	115669155.0	115669175.0
250514_VIC_CFB_TSS_Enhancers_1519	ENSG00000104447	chr8	115669017.0	115669037.0
250514_VIC_CFB_TSS_Enhancers_1527	ENSG00000104447	chr8	115669191.0	115669211.0
250514_VIC_CFB_TSS_Enhancers_1515	ENSG00000104447	chr8	115668836.0	115668856.0
250514_VIC_CFB_TSS_Enhancers_1517	ENSG00000104447	chr8	115668901.0	115668921.0
250514_VIC_CFB_TSS_Enhancers_1523	ENSG00000104447	chr8	115669099.0	115669119.0
250514_VIC_CFB_TSS_Enhancers_25_verified	ENSG00000104447	chr8	115668989.0	115669009.0
250514_VIC_CFB_TSS_Enhancers_37_verified	ENSG00000104447	chr8	115668958.0	115668977.0
250514_VIC_CFB_TSS_Enhancers_284_verified	ENSG00000104447	chr8	115668778.0	115668783.0
250514_VIC_CFB_TSS_Enhancers_360_verified	ENSG00000104447	chr8	115669003.0	115669023.0
250514_VIC_CFB_TSS_Enhancers_878	ENSG00000153162	chr6	7725918.0	7725938.0
250514_VIC_CFB_TSS_Enhancers_882	ENSG00000153162	chr6	7726031.0	7726051.0
250514_VIC_CFB_TSS_Enhancers_885	ENSG00000153162	chr6	7726107.0	7726127.0
250514_VIC_CFB_TSS_Enhancers_889	ENSG00000153162	chr6	7726267.0	7726287.0
250514_VIC_CFB_TSS_Enhancers_877	ENSG00000153162	chr6	7725870.0	7725890.0
250514_VIC_CFB_TSS_Enhancers_887	ENSG00000153162	chr6	7726177.0	7726197.0
250514_VIC_CFB_TSS_Enhancers_888	ENSG00000153162	chr6	7726208.0	7726228.0
250514_VIC_CFB_TSS_Enhancers_879	ENSG00000153162	chr6	7725933.0	7725953.0
250514_VIC_CFB_TSS_Enhancers_884	ENSG00000153162	chr6	7726082.0	7726102.0
250514_VIC_CFB_TSS_Enhancers_27_verified	ENSG00000153162	chr6	7726207.0	7726226.0
250514_VIC_CFB_TSS_Enhancers_162_verified	ENSG00000153162	chr6	7726277.0	7726297.0
250514_VIC_CFB_TSS_Enhancers_180_verified	ENSG00000153162	chr6	7726319.0	7726339.0
250514_VIC_CFB_TSS_Enhancers_194_verified	ENSG00000153162	chr6	7726092.0	7726111.0
250514_VIC_CFB_TSS_Enhancers_336_verified	ENSG00000153162	chr6	7726177.0	7726196.0
250514_VIC_CFB_TSS_Enhancers_368_verified	ENSG00000153162	chr6	7726107.0	7726126.0
250514_VIC_CFB_TSS_Enhancers_831	ENSG00000152932	chr5	58582964.0	58582984.0
250514_VIC_CFB_TSS_Enhancers_830	ENSG00000152932	chr5	58582911.0	58582931.0
250514_VIC_CFB_TSS_Enhancers_832	ENSG00000152932	chr5	58582977.0	58582997.0
250514_VIC_CFB_TSS_Enhancers_837	ENSG00000152932	chr5	58583137.0	58583157.0
250514_VIC_CFB_TSS_Enhancers_829	ENSG00000152932	chr5	58582894.0	58582914.0
250514_VIC_CFB_TSS_Enhancers_834	ENSG00000152932	chr5	58583017.0	58583037.0
250514_VIC_CFB_TSS_Enhancers_839	ENSG00000152932	chr5	58583227.0	58583247.0
250514_VIC_CFB_TSS_Enhancers_835	ENSG00000152932	chr5	58583071.0	58583091.0
250514_VIC_CFB_TSS_Enhancers_840	ENSG00000152932	chr5	58583242.0	58583262.0
250514_VIC_CFB_TSS_Enhancers_826	ENSG00000152932	chr5	58582808.0	58582828.0
250514_VIC_CFB_TSS_Enhancers_28_verified	ENSG00000152932	chr5	58583153.0	58583173.0
250514_VIC_CFB_TSS_Enhancers_29_verified	ENSG00000152932	chr5	58583075.0	58583095.0
250514_VIC_CFB_TSS_Enhancers_94_verified	ENSG00000152932	chr5	58583115.0	58583135.0
250514_VIC_CFB_TSS_Enhancers_338_verified	ENSG00000152932	chr5	58583137.0	58583156.0
250514_VIC_CFB_TSS_Enhancers_389_verified	ENSG00000152932	chr5	58583170.0	58583189.0
250514_VIC_CFB_TSS_Enhancers_2017	ENSG00000102763	chr13	41960844.0	41960864.0
250514_VIC_CFB_TSS_Enhancers_2018	ENSG00000102763	chr13	41960872.0	41960892.0
250514_VIC_CFB_TSS_Enhancers_2029	ENSG00000102763	chr13	41961236.0	41961256.0
250514_VIC_CFB_TSS_Enhancers_2023	ENSG00000102763	chr13	41961004.0	41961024.0
250514_VIC_CFB_TSS_Enhancers_2026	ENSG00000102763	chr13	41961150.0	41961170.0
250514_VIC_CFB_TSS_Enhancers_2030	ENSG00000102763	chr13	41961255.0	41961275.0
250514_VIC_CFB_TSS_Enhancers_2022	ENSG00000102763	chr13	41960991.0	41961011.0
250514_VIC_CFB_TSS_Enhancers_2031	ENSG00000102763	chr13	41961286.0	41961306.0
250514_VIC_CFB_TSS_Enhancers_2028	ENSG00000102763	chr13	41961194.0	41961214.0
250514_VIC_CFB_TSS_Enhancers_2024	ENSG00000102763	chr13	41961071.0	41961091.0
250514_VIC_CFB_TSS_Enhancers_30_verified	ENSG00000102763	chr13	41961079.0	41961099.0
250514_VIC_CFB_TSS_Enhancers_89_verified	ENSG00000102763	chr13	41960994.0	41961014.0
250514_VIC_CFB_TSS_Enhancers_100_verified	ENSG00000102763	chr13	41961056.0	41961075.0
250514_VIC_CFB_TSS_Enhancers_241_verified	ENSG00000102763	chr13	41961065.0	41961085.0
250514_VIC_CFB_TSS_Enhancers_326_verified	ENSG00000102763	chr13	41960844.0	41960863.0
250514_VIC_CFB_TSS_Enhancers_301	ENSG00000082438	chr2	164841183.0	164841203.0
250514_VIC_CFB_TSS_Enhancers_304	ENSG00000082438	chr2	164841278.0	164841298.0
250514_VIC_CFB_TSS_Enhancers_309	ENSG00000082438	chr2	164841485.0	164841505.0
250514_VIC_CFB_TSS_Enhancers_307	ENSG00000082438	chr2	164841414.0	164841434.0
250514_VIC_CFB_TSS_Enhancers_306	ENSG00000082438	chr2	164841362.0	164841382.0
250514_VIC_CFB_TSS_Enhancers_312	ENSG00000082438	chr2	164841582.0	164841602.0
250514_VIC_CFB_TSS_Enhancers_314	ENSG00000082438	chr2	164841653.0	164841673.0
250514_VIC_CFB_TSS_Enhancers_303	ENSG00000082438	chr2	164841233.0	164841253.0
250514_VIC_CFB_TSS_Enhancers_311	ENSG00000082438	chr2	164841567.0	164841587.0
250514_VIC_CFB_TSS_Enhancers_308	ENSG00000082438	chr2	164841438.0	164841458.0
250514_VIC_CFB_TSS_Enhancers_313	ENSG00000082438	chr2	164841595.0	164841615.0
250514_VIC_CFB_TSS_Enhancers_315	ENSG00000082438	chr2	164841654.0	164841674.0
250514_VIC_CFB_TSS_Enhancers_310	ENSG00000082438	chr2	164841517.0	164841537.0
250514_VIC_CFB_TSS_Enhancers_305	ENSG00000082438	chr2	164841330.0	164841350.0
250514_VIC_CFB_TSS_Enhancers_32_verified	ENSG00000082438	chr2	164841587.0	164841606.0
250514_VIC_CFB_TSS_Enhancers_320	ENSG00000082438	chr2	164841855.0	164841875.0
250514_VIC_CFB_TSS_Enhancers_324	ENSG00000082438	chr2	164841971.0	164841991.0
250514_VIC_CFB_TSS_Enhancers_318	ENSG00000082438	chr2	164841797.0	164841817.0
250514_VIC_CFB_TSS_Enhancers_326	ENSG00000082438	chr2	164842015.0	164842035.0
250514_VIC_CFB_TSS_Enhancers_321	ENSG00000082438	chr2	164841878.0	164841898.0
250514_VIC_CFB_TSS_Enhancers_319	ENSG00000082438	chr2	164841839.0	164841859.0
250514_VIC_CFB_TSS_Enhancers_317	ENSG00000082438	chr2	164841779.0	164841799.0
250514_VIC_CFB_TSS_Enhancers_316	ENSG00000082438	chr2	164841740.0	164841760.0
250514_VIC_CFB_TSS_Enhancers_60_verified	ENSG00000082438	chr2	164841785.0	164841804.0
250514_VIC_CFB_TSS_Enhancers_77_verified	ENSG00000082438	chr2	164841731.0	164841751.0
250514_VIC_CFB_TSS_Enhancers_90_verified	ENSG00000082438	chr2	164841749.0	164841769.0
250514_VIC_CFB_TSS_Enhancers_1697	ENSG00000077943	chr10	15719706.0	15719726.0
250514_VIC_CFB_TSS_Enhancers_1707	ENSG00000077943	chr10	15720024.0	15720044.0
250514_VIC_CFB_TSS_Enhancers_1703	ENSG00000077943	chr10	15719871.0	15719891.0
250514_VIC_CFB_TSS_Enhancers_1701	ENSG00000077943	chr10	15719808.0	15719828.0
250514_VIC_CFB_TSS_Enhancers_1699	ENSG00000077943	chr10	15719766.0	15719786.0
250514_VIC_CFB_TSS_Enhancers_1705	ENSG00000077943	chr10	15719972.0	15719992.0
250514_VIC_CFB_TSS_Enhancers_1704	ENSG00000077943	chr10	15719901.0	15719921.0
250514_VIC_CFB_TSS_Enhancers_1706	ENSG00000077943	chr10	15719993.0	15720013.0
250514_VIC_CFB_TSS_Enhancers_1700	ENSG00000077943	chr10	15719783.0	15719803.0
250514_VIC_CFB_TSS_Enhancers_1698	ENSG00000077943	chr10	15719735.0	15719755.0
250514_VIC_CFB_TSS_Enhancers_1710	ENSG00000077943	chr10	15720121.0	15720141.0
250514_VIC_CFB_TSS_Enhancers_33_verified	ENSG00000077943	chr10	15719900.0	15719920.0
250514_VIC_CFB_TSS_Enhancers_134_verified	ENSG00000077943	chr10	15719861.0	15719881.0
250514_VIC_CFB_TSS_Enhancers_296_verified	ENSG00000077943	chr10	15719870.0	15719889.0
250514_VIC_CFB_TSS_Enhancers_299_verified	ENSG00000077943	chr10	15719877.0	15719896.0
250514_VIC_CFB_TSS_Enhancers_1645	ENSG00000097007	chr9	130835251.0	130835271.0
250514_VIC_CFB_TSS_Enhancers_1638	ENSG00000097007	chr9	130835076.0	130835096.0
250514_VIC_CFB_TSS_Enhancers_1641	ENSG00000097007	chr9	130835135.0	130835155.0
250514_VIC_CFB_TSS_Enhancers_1637	ENSG00000097007	chr9	130835034.0	130835054.0
250514_VIC_CFB_TSS_Enhancers_1644	ENSG00000097007	chr9	130835239.0	130835259.0
250514_VIC_CFB_TSS_Enhancers_1648	ENSG00000097007	chr9	130835389.0	130835409.0
250514_VIC_CFB_TSS_Enhancers_1639	ENSG00000097007	chr9	130835097.0	130835117.0
250514_VIC_CFB_TSS_Enhancers_1642	ENSG00000097007	chr9	130835153.0	130835173.0
250514_VIC_CFB_TSS_Enhancers_1650	ENSG00000097007	chr9	130835471.0	130835491.0
250514_VIC_CFB_TSS_Enhancers_1646	ENSG00000097007	chr9	130835271.0	130835291.0
250514_VIC_CFB_TSS_Enhancers_1643	ENSG00000097007	chr9	130835167.0	130835187.0
250514_VIC_CFB_TSS_Enhancers_1649	ENSG00000097007	chr9	130835402.0	130835422.0
250514_VIC_CFB_TSS_Enhancers_1640	ENSG00000097007	chr9	130835117.0	130835137.0
250514_VIC_CFB_TSS_Enhancers_34_verified	ENSG00000097007	chr9	130835282.0	130835302.0
250514_VIC_CFB_TSS_Enhancers_378_verified	ENSG00000097007	chr9	130835503.0	130835504.0
250514_VIC_CFB_TSS_Enhancers_1550	ENSG00000119509	chr9	100099099.0	100099119.0
250514_VIC_CFB_TSS_Enhancers_1555	ENSG00000119509	chr9	100099286.0	100099306.0
250514_VIC_CFB_TSS_Enhancers_1549	ENSG00000119509	chr9	100099052.0	100099072.0
250514_VIC_CFB_TSS_Enhancers_1546	ENSG00000119509	chr9	100098981.0	100099001.0
250514_VIC_CFB_TSS_Enhancers_1558	ENSG00000119509	chr9	100099364.0	100099384.0
250514_VIC_CFB_TSS_Enhancers_1559	ENSG00000119509	chr9	100099389.0	100099409.0
250514_VIC_CFB_TSS_Enhancers_1553	ENSG00000119509	chr9	100099179.0	100099199.0
250514_VIC_CFB_TSS_Enhancers_1548	ENSG00000119509	chr9	100099003.0	100099023.0
250514_VIC_CFB_TSS_Enhancers_1552	ENSG00000119509	chr9	100099160.0	100099180.0
250514_VIC_CFB_TSS_Enhancers_35_verified	ENSG00000119509	chr9	100099207.0	100099226.0
250514_VIC_CFB_TSS_Enhancers_65_verified	ENSG00000119509	chr9	100099298.0	100099317.0
250514_VIC_CFB_TSS_Enhancers_75_verified	ENSG00000119509	chr9	100099276.0	100099296.0
250514_VIC_CFB_TSS_Enhancers_108_verified	ENSG00000119509	chr9	100099248.0	100099267.0
250514_VIC_CFB_TSS_Enhancers_332_verified	ENSG00000119509	chr9	100099288.0	100099307.0
250514_VIC_CFB_TSS_Enhancers_416_verified	ENSG00000119509	chr9	100099330.0	100099349.0
250514_VIC_CFB_TSS_Enhancers_1492	ENSG00000181195	chr8	56446707.0	56446727.0
250514_VIC_CFB_TSS_Enhancers_1494	ENSG00000181195	chr8	56446751.0	56446771.0
250514_VIC_CFB_TSS_Enhancers_1490	ENSG00000181195	chr8	56446632.0	56446652.0
250514_VIC_CFB_TSS_Enhancers_1493	ENSG00000181195	chr8	56446746.0	56446766.0
250514_VIC_CFB_TSS_Enhancers_1497	ENSG00000181195	chr8	56446932.0	56446952.0
250514_VIC_CFB_TSS_Enhancers_1491	ENSG00000181195	chr8	56446665.0	56446685.0
250514_VIC_CFB_TSS_Enhancers_1487	ENSG00000181195	chr8	56446540.0	56446560.0
250514_VIC_CFB_TSS_Enhancers_1488	ENSG00000181195	chr8	56446572.0	56446592.0
250514_VIC_CFB_TSS_Enhancers_1496	ENSG00000181195	chr8	56446853.0	56446873.0
250514_VIC_CFB_TSS_Enhancers_1498	ENSG00000181195	chr8	56446945.0	56446965.0
250514_VIC_CFB_TSS_Enhancers_38_verified	ENSG00000181195	chr8	56446554.0	56446573.0
250514_VIC_CFB_TSS_Enhancers_71_verified	ENSG00000181195	chr8	56446531.0	56446551.0
250514_VIC_CFB_TSS_Enhancers_131_verified	ENSG00000181195	chr8	56446637.0	56446656.0
250514_VIC_CFB_TSS_Enhancers_204_verified	ENSG00000181195	chr8	56446622.0	56446642.0
250514_VIC_CFB_TSS_Enhancers_337_verified	ENSG00000181195	chr8	56446540.0	56446559.0
250514_VIC_CFB_TSS_Enhancers_2725	ENSG00000100320	chr22	36028657.0	36028677.0
250514_VIC_CFB_TSS_Enhancers_2727	ENSG00000100320	chr22	36028742.0	36028762.0
250514_VIC_CFB_TSS_Enhancers_2734	ENSG00000100320	chr22	36028979.0	36028999.0
250514_VIC_CFB_TSS_Enhancers_2724	ENSG00000100320	chr22	36028634.0	36028654.0
250514_VIC_CFB_TSS_Enhancers_2736	ENSG00000100320	chr22	36029054.0	36029074.0
250514_VIC_CFB_TSS_Enhancers_2731	ENSG00000100320	chr22	36028874.0	36028894.0
250514_VIC_CFB_TSS_Enhancers_2730	ENSG00000100320	chr22	36028820.0	36028840.0
250514_VIC_CFB_TSS_Enhancers_2726	ENSG00000100320	chr22	36028728.0	36028748.0
250514_VIC_CFB_TSS_Enhancers_2735	ENSG00000100320	chr22	36028992.0	36029012.0
250514_VIC_CFB_TSS_Enhancers_39_verified	ENSG00000100320	chr22	36028743.0	36028762.0
250514_VIC_CFB_TSS_Enhancers_76_verified	ENSG00000100320	chr22	36028735.0	36028755.0
250514_VIC_CFB_TSS_Enhancers_123_verified	ENSG00000100320	chr22	36028778.0	36028798.0
250514_VIC_CFB_TSS_Enhancers_152_verified	ENSG00000100320	chr22	36028635.0	36028655.0
250514_VIC_CFB_TSS_Enhancers_249_verified	ENSG00000100320	chr22	36028786.0	36028805.0
250514_VIC_CFB_TSS_Enhancers_420_verified	ENSG00000100320	chr22	36028761.0	36028781.0
250514_VIC_CFB_TSS_Enhancers_382	ENSG00000168137	chr3	9397610.0	9397630.0
250514_VIC_CFB_TSS_Enhancers_375	ENSG00000168137	chr3	9397483.0	9397503.0
250514_VIC_CFB_TSS_Enhancers_388	ENSG00000168137	chr3	9397869.0	9397889.0
250514_VIC_CFB_TSS_Enhancers_384	ENSG00000168137	chr3	9397747.0	9397767.0
250514_VIC_CFB_TSS_Enhancers_386	ENSG00000168137	chr3	9397843.0	9397863.0
250514_VIC_CFB_TSS_Enhancers_378	ENSG00000168137	chr3	9397537.0	9397557.0
250514_VIC_CFB_TSS_Enhancers_381	ENSG00000168137	chr3	9397591.0	9397611.0
250514_VIC_CFB_TSS_Enhancers_383	ENSG00000168137	chr3	9397713.0	9397733.0
250514_VIC_CFB_TSS_Enhancers_376	ENSG00000168137	chr3	9397498.0	9397518.0
250514_VIC_CFB_TSS_Enhancers_387	ENSG00000168137	chr3	9397863.0	9397883.0
250514_VIC_CFB_TSS_Enhancers_390	ENSG00000168137	chr3	9397926.0	9397946.0
250514_VIC_CFB_TSS_Enhancers_379	ENSG00000168137	chr3	9397540.0	9397560.0
250514_VIC_CFB_TSS_Enhancers_40_verified	ENSG00000168137	chr3	9397891.0	9397910.0
250514_VIC_CFB_TSS_Enhancers_42_verified	ENSG00000168137	chr3	9397811.0	9397831.0
250514_VIC_CFB_TSS_Enhancers_372_verified	ENSG00000168137	chr3	9397864.0	9397883.0
250514_VIC_CFB_TSS_Enhancers_394_verified	ENSG00000168137	chr3	9397712.0	9397732.0
250514_VIC_CFB_TSS_Enhancers_403_verified	ENSG00000168137	chr3	9397923.0	9397942.0
250514_VIC_CFB_TSS_Enhancers_2271	ENSG00000068305	chr15	99566130.0	99566150.0
250514_VIC_CFB_TSS_Enhancers_2267	ENSG00000068305	chr15	99566033.0	99566053.0
250514_VIC_CFB_TSS_Enhancers_2258	ENSG00000068305	chr15	99565710.0	99565730.0
250514_VIC_CFB_TSS_Enhancers_2265	ENSG00000068305	chr15	99566002.0	99566022.0
250514_VIC_CFB_TSS_Enhancers_2269	ENSG00000068305	chr15	99566084.0	99566104.0
250514_VIC_CFB_TSS_Enhancers_2272	ENSG00000068305	chr15	99566137.0	99566157.0
250514_VIC_CFB_TSS_Enhancers_2259	ENSG00000068305	chr15	99565735.0	99565755.0
250514_VIC_CFB_TSS_Enhancers_2270	ENSG00000068305	chr15	99566101.0	99566121.0
250514_VIC_CFB_TSS_Enhancers_2266	ENSG00000068305	chr15	99566012.0	99566032.0
250514_VIC_CFB_TSS_Enhancers_2264	ENSG00000068305	chr15	99565974.0	99565994.0
250514_VIC_CFB_TSS_Enhancers_92_verified	ENSG00000068305	chr15	99566005.0	99566025.0
250514_VIC_CFB_TSS_Enhancers_221_verified	ENSG00000068305	chr15	99565992.0	99566011.0
250514_VIC_CFB_TSS_Enhancers_283_verified	ENSG00000068305	chr15	99565982.0	99566001.0
250514_VIC_CFB_TSS_Enhancers_373	ENSG00000168137	chr3	9397377.0	9397397.0
250514_VIC_CFB_TSS_Enhancers_380	ENSG00000168137	chr3	9397569.0	9397589.0
250514_VIC_CFB_TSS_Enhancers_2633	ENSG00000101333	chr20	9068595.0	9068615.0
250514_VIC_CFB_TSS_Enhancers_2645	ENSG00000101333	chr20	9069006.0	9069026.0
250514_VIC_CFB_TSS_Enhancers_2643	ENSG00000101333	chr20	9068908.0	9068928.0
250514_VIC_CFB_TSS_Enhancers_2642	ENSG00000101333	chr20	9068891.0	9068911.0
250514_VIC_CFB_TSS_Enhancers_2640	ENSG00000101333	chr20	9068847.0	9068867.0
250514_VIC_CFB_TSS_Enhancers_2635	ENSG00000101333	chr20	9068663.0	9068683.0
250514_VIC_CFB_TSS_Enhancers_2634	ENSG00000101333	chr20	9068646.0	9068666.0
250514_VIC_CFB_TSS_Enhancers_2636	ENSG00000101333	chr20	9068694.0	9068714.0
250514_VIC_CFB_TSS_Enhancers_2637	ENSG00000101333	chr20	9068725.0	9068745.0
250514_VIC_CFB_TSS_Enhancers_2632	ENSG00000101333	chr20	9068584.0	9068604.0
250514_VIC_CFB_TSS_Enhancers_43_verified	ENSG00000101333	chr20	9068735.0	9068755.0
250514_VIC_CFB_TSS_Enhancers_113_verified	ENSG00000101333	chr20	9068895.0	9068915.0
250514_VIC_CFB_TSS_Enhancers_239_verified	ENSG00000101333	chr20	9068838.0	9068858.0
250514_VIC_CFB_TSS_Enhancers_276_verified	ENSG00000101333	chr20	9068721.0	9068741.0
250514_VIC_CFB_TSS_Enhancers_411_verified	ENSG00000101333	chr20	9068856.0	9068876.0
250514_VIC_CFB_TSS_Enhancers_340	ENSG00000204217	chr2	202376467.0	202376487.0
250514_VIC_CFB_TSS_Enhancers_334	ENSG00000204217	chr2	202376293.0	202376313.0
250514_VIC_CFB_TSS_Enhancers_329	ENSG00000204217	chr2	202376103.0	202376123.0
250514_VIC_CFB_TSS_Enhancers_337	ENSG00000204217	chr2	202376377.0	202376397.0
250514_VIC_CFB_TSS_Enhancers_336	ENSG00000204217	chr2	202376359.0	202376379.0
250514_VIC_CFB_TSS_Enhancers_339	ENSG00000204217	chr2	202376455.0	202376475.0
250514_VIC_CFB_TSS_Enhancers_338	ENSG00000204217	chr2	202376423.0	202376443.0
250514_VIC_CFB_TSS_Enhancers_333	ENSG00000204217	chr2	202376232.0	202376252.0
250514_VIC_CFB_TSS_Enhancers_330	ENSG00000204217	chr2	202376131.0	202376151.0
250514_VIC_CFB_TSS_Enhancers_342	ENSG00000204217	chr2	202376548.0	202376568.0
250514_VIC_CFB_TSS_Enhancers_45_verified	ENSG00000204217	chr2	202376376.0	202376396.0
250514_VIC_CFB_TSS_Enhancers_53_verified	ENSG00000204217	chr2	202376333.0	202376353.0
250514_VIC_CFB_TSS_Enhancers_84_verified	ENSG00000204217	chr2	202376422.0	202376442.0
250514_VIC_CFB_TSS_Enhancers_129_verified	ENSG00000204217	chr2	202376546.0	202376566.0
250514_VIC_CFB_TSS_Enhancers_391_verified	ENSG00000204217	chr2	202376342.0	202376362.0
250514_VIC_CFB_TSS_Enhancers_925	ENSG00000135333	chr6	93419512.0	93419532.0
250514_VIC_CFB_TSS_Enhancers_934	ENSG00000135333	chr6	93419749.0	93419769.0
250514_VIC_CFB_TSS_Enhancers_932	ENSG00000135333	chr6	93419697.0	93419717.0
250514_VIC_CFB_TSS_Enhancers_936	ENSG00000135333	chr6	93419802.0	93419822.0
250514_VIC_CFB_TSS_Enhancers_930	ENSG00000135333	chr6	93419668.0	93419688.0
250514_VIC_CFB_TSS_Enhancers_933	ENSG00000135333	chr6	93419705.0	93419725.0
250514_VIC_CFB_TSS_Enhancers_922	ENSG00000135333	chr6	93419340.0	93419360.0
250514_VIC_CFB_TSS_Enhancers_928	ENSG00000135333	chr6	93419631.0	93419651.0
250514_VIC_CFB_TSS_Enhancers_923	ENSG00000135333	chr6	93419454.0	93419474.0
250514_VIC_CFB_TSS_Enhancers_929	ENSG00000135333	chr6	93419660.0	93419680.0
250514_VIC_CFB_TSS_Enhancers_48_verified	ENSG00000135333	chr6	93419526.0	93419546.0
250514_VIC_CFB_TSS_Enhancers_115_verified	ENSG00000135333	chr6	93419549.0	93419569.0
250514_VIC_CFB_TSS_Enhancers_160_verified	ENSG00000135333	chr6	93419452.0	93419471.0
250514_VIC_CFB_TSS_Enhancers_340_verified	ENSG00000135333	chr6	93419506.0	93419525.0
250514_VIC_CFB_TSS_Enhancers_351_verified	ENSG00000135333	chr6	93419465.0	93419485.0
250514_VIC_CFB_TSS_Enhancers_555	ENSG00000138639	chr4	85475376.0	85475396.0
250514_VIC_CFB_TSS_Enhancers_545	ENSG00000138639	chr4	85475012.0	85475032.0
250514_VIC_CFB_TSS_Enhancers_542	ENSG00000138639	chr4	85474926.0	85474946.0
250514_VIC_CFB_TSS_Enhancers_549	ENSG00000138639	chr4	85475216.0	85475236.0
250514_VIC_CFB_TSS_Enhancers_554	ENSG00000138639	chr4	85475339.0	85475359.0
250514_VIC_CFB_TSS_Enhancers_552	ENSG00000138639	chr4	85475262.0	85475282.0
250514_VIC_CFB_TSS_Enhancers_548	ENSG00000138639	chr4	85475182.0	85475202.0
250514_VIC_CFB_TSS_Enhancers_546	ENSG00000138639	chr4	85475067.0	85475087.0
250514_VIC_CFB_TSS_Enhancers_547	ENSG00000138639	chr4	85475095.0	85475115.0
250514_VIC_CFB_TSS_Enhancers_49_verified	ENSG00000138639	chr4	85475346.0	85475366.0
250514_VIC_CFB_TSS_Enhancers_111_verified	ENSG00000138639	chr4	85475205.0	85475225.0
250514_VIC_CFB_TSS_Enhancers_175_verified	ENSG00000138639	chr4	85475335.0	85475355.0
250514_VIC_CFB_TSS_Enhancers_214_verified	ENSG00000138639	chr4	85475374.0	85475394.0
250514_VIC_CFB_TSS_Enhancers_253_verified	ENSG00000138639	chr4	85475217.0	85475237.0
250514_VIC_CFB_TSS_Enhancers_375_verified	ENSG00000138639	chr4	85475381.0	85475400.0
250514_VIC_CFB_TSS_Enhancers_1928	ENSG00000017427	chr12	102480490.0	102480510.0
250514_VIC_CFB_TSS_Enhancers_1929	ENSG00000017427	chr12	102480504.0	102480524.0
250514_VIC_CFB_TSS_Enhancers_1938	ENSG00000017427	chr12	102480660.0	102480680.0
250514_VIC_CFB_TSS_Enhancers_1927	ENSG00000017427	chr12	102480400.0	102480420.0
250514_VIC_CFB_TSS_Enhancers_1940	ENSG00000017427	chr12	102480762.0	102480782.0
250514_VIC_CFB_TSS_Enhancers_1937	ENSG00000017427	chr12	102480658.0	102480678.0
250514_VIC_CFB_TSS_Enhancers_1936	ENSG00000017427	chr12	102480657.0	102480677.0
250514_VIC_CFB_TSS_Enhancers_1932	ENSG00000017427	chr12	102480596.0	102480616.0
250514_VIC_CFB_TSS_Enhancers_1939	ENSG00000017427	chr12	102480761.0	102480781.0
250514_VIC_CFB_TSS_Enhancers_1933	ENSG00000017427	chr12	102480606.0	102480626.0
250514_VIC_CFB_TSS_Enhancers_1935	ENSG00000017427	chr12	102480609.0	102480629.0
250514_VIC_CFB_TSS_Enhancers_52_verified	ENSG00000017427	chr12	102480545.0	102480564.0
250514_VIC_CFB_TSS_Enhancers_266_verified	ENSG00000017427	chr12	102480395.0	102480399.0
250514_VIC_CFB_TSS_Enhancers_290_verified	ENSG00000017427	chr12	102480504.0	102480523.0
250514_VIC_CFB_TSS_Enhancers_320_verified	ENSG00000017427	chr12	102480491.0	102480510.0
250514_VIC_CFB_TSS_Enhancers_1530	ENSG00000106799	chr9	99104864.0	99104884.0
250514_VIC_CFB_TSS_Enhancers_1538	ENSG00000106799	chr9	99105082.0	99105102.0
250514_VIC_CFB_TSS_Enhancers_1533	ENSG00000106799	chr9	99104944.0	99104964.0
250514_VIC_CFB_TSS_Enhancers_1537	ENSG00000106799	chr9	99105054.0	99105074.0
250514_VIC_CFB_TSS_Enhancers_1536	ENSG00000106799	chr9	99105008.0	99105028.0
250514_VIC_CFB_TSS_Enhancers_1532	ENSG00000106799	chr9	99104917.0	99104937.0
250514_VIC_CFB_TSS_Enhancers_1534	ENSG00000106799	chr9	99104967.0	99104987.0
250514_VIC_CFB_TSS_Enhancers_1539	ENSG00000106799	chr9	99105111.0	99105131.0
250514_VIC_CFB_TSS_Enhancers_1535	ENSG00000106799	chr9	99104997.0	99105017.0
250514_VIC_CFB_TSS_Enhancers_1543	ENSG00000106799	chr9	99105237.0	99105257.0
250514_VIC_CFB_TSS_Enhancers_54_verified	ENSG00000106799	chr9	99105206.0	99105226.0
250514_VIC_CFB_TSS_Enhancers_165_verified	ENSG00000106799	chr9	99105108.0	99105128.0
250514_VIC_CFB_TSS_Enhancers_187_verified	ENSG00000106799	chr9	99105100.0	99105120.0
250514_VIC_CFB_TSS_Enhancers_240_verified	ENSG00000106799	chr9	99105189.0	99105209.0
250514_VIC_CFB_TSS_Enhancers_329_verified	ENSG00000106799	chr9	99105128.0	99105148.0
250514_VIC_CFB_TSS_Enhancers_2106	ENSG00000092068	chr14	23183888.0	23183908.0
250514_VIC_CFB_TSS_Enhancers_2093	ENSG00000092068	chr14	23183464.0	23183484.0
250514_VIC_CFB_TSS_Enhancers_2101	ENSG00000092068	chr14	23183661.0	23183681.0
250514_VIC_CFB_TSS_Enhancers_2097	ENSG00000092068	chr14	23183599.0	23183619.0
250514_VIC_CFB_TSS_Enhancers_2100	ENSG00000092068	chr14	23183627.0	23183647.0
250514_VIC_CFB_TSS_Enhancers_2099	ENSG00000092068	chr14	23183622.0	23183642.0
250514_VIC_CFB_TSS_Enhancers_2104	ENSG00000092068	chr14	23183758.0	23183778.0
250514_VIC_CFB_TSS_Enhancers_2098	ENSG00000092068	chr14	23183609.0	23183629.0
250514_VIC_CFB_TSS_Enhancers_2094	ENSG00000092068	chr14	23183515.0	23183535.0
250514_VIC_CFB_TSS_Enhancers_2103	ENSG00000092068	chr14	23183751.0	23183771.0
250514_VIC_CFB_TSS_Enhancers_2092	ENSG00000092068	chr14	23183423.0	23183443.0
250514_VIC_CFB_TSS_Enhancers_55_verified	ENSG00000092068	chr14	23183628.0	23183648.0
250514_VIC_CFB_TSS_Enhancers_251_verified	ENSG00000092068	chr14	23183622.0	23183641.0
250514_VIC_CFB_TSS_Enhancers_357_verified	ENSG00000092068	chr14	23183587.0	23183607.0
250514_VIC_CFB_TSS_Enhancers_1829	ENSG00000171862	chr10	87863585.0	87863605.0
250514_VIC_CFB_TSS_Enhancers_1822	ENSG00000171862	chr10	87863349.0	87863369.0
250514_VIC_CFB_TSS_Enhancers_1826	ENSG00000171862	chr10	87863487.0	87863507.0
250514_VIC_CFB_TSS_Enhancers_1820	ENSG00000171862	chr10	87863310.0	87863330.0
250514_VIC_CFB_TSS_Enhancers_1828	ENSG00000171862	chr10	87863545.0	87863565.0
250514_VIC_CFB_TSS_Enhancers_1830	ENSG00000171862	chr10	87863651.0	87863671.0
250514_VIC_CFB_TSS_Enhancers_1824	ENSG00000171862	chr10	87863461.0	87863481.0
250514_VIC_CFB_TSS_Enhancers_1817	ENSG00000171862	chr10	87863205.0	87863225.0
250514_VIC_CFB_TSS_Enhancers_1816	ENSG00000171862	chr10	87863191.0	87863211.0
250514_VIC_CFB_TSS_Enhancers_1821	ENSG00000171862	chr10	87863329.0	87863349.0
250514_VIC_CFB_TSS_Enhancers_1823	ENSG00000171862	chr10	87863439.0	87863459.0
250514_VIC_CFB_TSS_Enhancers_1827	ENSG00000171862	chr10	87863492.0	87863512.0
250514_VIC_CFB_TSS_Enhancers_57_verified	ENSG00000171862	chr10	87863676.0	87863687.0
250514_VIC_CFB_TSS_Enhancers_188_verified	ENSG00000171862	chr10	87863683.0	87863687.0
250514_VIC_CFB_TSS_Enhancers_365_verified	ENSG00000171862	chr10	87863634.0	87863654.0
250514_VIC_CFB_TSS_Enhancers_239	ENSG00000135636	chr2	71466881.0	71466901.0
250514_VIC_CFB_TSS_Enhancers_232	ENSG00000135636	chr2	71466652.0	71466672.0
250514_VIC_CFB_TSS_Enhancers_226	ENSG00000135636	chr2	71466462.0	71466482.0
250514_VIC_CFB_TSS_Enhancers_227	ENSG00000135636	chr2	71466503.0	71466523.0
250514_VIC_CFB_TSS_Enhancers_240	ENSG00000135636	chr2	71466925.0	71466945.0
250514_VIC_CFB_TSS_Enhancers_230	ENSG00000135636	chr2	71466601.0	71466621.0
250514_VIC_CFB_TSS_Enhancers_233	ENSG00000135636	chr2	71466687.0	71466707.0
250514_VIC_CFB_TSS_Enhancers_229	ENSG00000135636	chr2	71466544.0	71466564.0
250514_VIC_CFB_TSS_Enhancers_234	ENSG00000135636	chr2	71466730.0	71466750.0
250514_VIC_CFB_TSS_Enhancers_62_verified	ENSG00000135636	chr2	71466752.0	71466772.0
250514_VIC_CFB_TSS_Enhancers_81_verified	ENSG00000135636	chr2	71466721.0	71466741.0
250514_VIC_CFB_TSS_Enhancers_119_verified	ENSG00000135636	chr2	71466758.0	71466778.0
250514_VIC_CFB_TSS_Enhancers_286_verified	ENSG00000135636	chr2	71466805.0	71466824.0
250514_VIC_CFB_TSS_Enhancers_324_verified	ENSG00000135636	chr2	71466688.0	71466707.0
250514_VIC_CFB_TSS_Enhancers_382_verified	ENSG00000135636	chr2	71466707.0	71466727.0
250514_VIC_CFB_TSS_Enhancers_86	ENSG00000185630	chr1	164559428.0	164559448.0
250514_VIC_CFB_TSS_Enhancers_85	ENSG00000185630	chr1	164559395.0	164559415.0
250514_VIC_CFB_TSS_Enhancers_83	ENSG00000185630	chr1	164559305.0	164559325.0
250514_VIC_CFB_TSS_Enhancers_81	ENSG00000185630	chr1	164559251.0	164559271.0
250514_VIC_CFB_TSS_Enhancers_84	ENSG00000185630	chr1	164559309.0	164559329.0
250514_VIC_CFB_TSS_Enhancers_80	ENSG00000185630	chr1	164559247.0	164559267.0
250514_VIC_CFB_TSS_Enhancers_82	ENSG00000185630	chr1	164559302.0	164559322.0
250514_VIC_CFB_TSS_Enhancers_87	ENSG00000185630	chr1	164559451.0	164559471.0
250514_VIC_CFB_TSS_Enhancers_79	ENSG00000185630	chr1	164559215.0	164559235.0
250514_VIC_CFB_TSS_Enhancers_89	ENSG00000185630	chr1	164559520.0	164559540.0
250514_VIC_CFB_TSS_Enhancers_63_verified	ENSG00000185630	chr1	164559173.0	164559193.0
250514_VIC_CFB_TSS_Enhancers_142_verified	ENSG00000185630	chr1	164559390.0	164559410.0
250514_VIC_CFB_TSS_Enhancers_236_verified	ENSG00000185630	chr1	164559305.0	164559324.0
250514_VIC_CFB_TSS_Enhancers_353_verified	ENSG00000185630	chr1	164559427.0	164559447.0
250514_VIC_CFB_TSS_Enhancers_407_verified	ENSG00000185630	chr1	164559212.0	164559232.0
250514_VIC_CFB_TSS_Enhancers_2589	ENSG00000134030	chr18	48538875.0	48538895.0
250514_VIC_CFB_TSS_Enhancers_2599	ENSG00000134030	chr18	48539192.0	48539212.0
250514_VIC_CFB_TSS_Enhancers_2600	ENSG00000134030	chr18	48539273.0	48539293.0
250514_VIC_CFB_TSS_Enhancers_2594	ENSG00000134030	chr18	48538991.0	48539011.0
250514_VIC_CFB_TSS_Enhancers_2595	ENSG00000134030	chr18	48539053.0	48539073.0
250514_VIC_CFB_TSS_Enhancers_2587	ENSG00000134030	chr18	48538808.0	48538828.0
250514_VIC_CFB_TSS_Enhancers_2593	ENSG00000134030	chr18	48538983.0	48539003.0
250514_VIC_CFB_TSS_Enhancers_2597	ENSG00000134030	chr18	48539170.0	48539190.0
250514_VIC_CFB_TSS_Enhancers_2598	ENSG00000134030	chr18	48539182.0	48539202.0
250514_VIC_CFB_TSS_Enhancers_2596	ENSG00000134030	chr18	48539145.0	48539165.0
250514_VIC_CFB_TSS_Enhancers_64_verified	ENSG00000134030	chr18	48539146.0	48539166.0
250514_VIC_CFB_TSS_Enhancers_103_verified	ENSG00000134030	chr18	48539052.0	48539072.0
250514_VIC_CFB_TSS_Enhancers_157_verified	ENSG00000134030	chr18	48539199.0	48539218.0
250514_VIC_CFB_TSS_Enhancers_207_verified	ENSG00000134030	chr18	48539273.0	48539292.0
250514_VIC_CFB_TSS_Enhancers_392_verified	ENSG00000134030	chr18	48539044.0	48539064.0
250514_VIC_CFB_TSS_Enhancers_725	ENSG00000154122	chr5	14871824.0	14871844.0
250514_VIC_CFB_TSS_Enhancers_722	ENSG00000154122	chr5	14871620.0	14871640.0
250514_VIC_CFB_TSS_Enhancers_731	ENSG00000154122	chr5	14871971.0	14871991.0
250514_VIC_CFB_TSS_Enhancers_726	ENSG00000154122	chr5	14871829.0	14871849.0
250514_VIC_CFB_TSS_Enhancers_728	ENSG00000154122	chr5	14871864.0	14871884.0
250514_VIC_CFB_TSS_Enhancers_721	ENSG00000154122	chr5	14871597.0	14871617.0
250514_VIC_CFB_TSS_Enhancers_727	ENSG00000154122	chr5	14871835.0	14871855.0
250514_VIC_CFB_TSS_Enhancers_719	ENSG00000154122	chr5	14871533.0	14871553.0
250514_VIC_CFB_TSS_Enhancers_730	ENSG00000154122	chr5	14871943.0	14871963.0
250514_VIC_CFB_TSS_Enhancers_723	ENSG00000154122	chr5	14871676.0	14871696.0
250514_VIC_CFB_TSS_Enhancers_66_verified	ENSG00000154122	chr5	14871622.0	14871641.0
250514_VIC_CFB_TSS_Enhancers_144_verified	ENSG00000154122	chr5	14871677.0	14871697.0
250514_VIC_CFB_TSS_Enhancers_213_verified	ENSG00000154122	chr5	14871540.0	14871560.0
250514_VIC_CFB_TSS_Enhancers_302_verified	ENSG00000154122	chr5	14871607.0	14871626.0
250514_VIC_CFB_TSS_Enhancers_325_verified	ENSG00000154122	chr5	14871765.0	14871784.0
250514_VIC_CFB_TSS_Enhancers_1839	ENSG00000066468	chr10	121598515.0	121598535.0
250514_VIC_CFB_TSS_Enhancers_1834	ENSG00000066468	chr10	121598336.0	121598356.0
250514_VIC_CFB_TSS_Enhancers_1844	ENSG00000066468	chr10	121598638.0	121598658.0
250514_VIC_CFB_TSS_Enhancers_1845	ENSG00000066468	chr10	121598677.0	121598697.0
250514_VIC_CFB_TSS_Enhancers_1838	ENSG00000066468	chr10	121598503.0	121598523.0
250514_VIC_CFB_TSS_Enhancers_1833	ENSG00000066468	chr10	121598309.0	121598329.0
250514_VIC_CFB_TSS_Enhancers_1840	ENSG00000066468	chr10	121598546.0	121598566.0
250514_VIC_CFB_TSS_Enhancers_1831	ENSG00000066468	chr10	121598215.0	121598235.0
250514_VIC_CFB_TSS_Enhancers_1835	ENSG00000066468	chr10	121598356.0	121598376.0
250514_VIC_CFB_TSS_Enhancers_1832	ENSG00000066468	chr10	121598255.0	121598275.0
250514_VIC_CFB_TSS_Enhancers_67_verified	ENSG00000066468	chr10	121598422.0	121598442.0
250514_VIC_CFB_TSS_Enhancers_210_verified	ENSG00000066468	chr10	121598365.0	121598384.0
250514_VIC_CFB_TSS_Enhancers_226_verified	ENSG00000066468	chr10	121598357.0	121598376.0
250514_VIC_CFB_TSS_Enhancers_355_verified	ENSG00000066468	chr10	121598338.0	121598357.0
250514_VIC_CFB_TSS_Enhancers_401_verified	ENSG00000066468	chr10	121598237.0	121598257.0
250514_VIC_CFB_TSS_Enhancers_1290	ENSG00000155849	chr7	37448970.0	37448990.0
250514_VIC_CFB_TSS_Enhancers_1283	ENSG00000155849	chr7	37448712.0	37448732.0
250514_VIC_CFB_TSS_Enhancers_1280	ENSG00000155849	chr7	37448617.0	37448637.0
250514_VIC_CFB_TSS_Enhancers_1284	ENSG00000155849	chr7	37448734.0	37448754.0
250514_VIC_CFB_TSS_Enhancers_1292	ENSG00000155849	chr7	37449023.0	37449043.0
250514_VIC_CFB_TSS_Enhancers_1281	ENSG00000155849	chr7	37448622.0	37448642.0
250514_VIC_CFB_TSS_Enhancers_1282	ENSG00000155849	chr7	37448676.0	37448696.0
250514_VIC_CFB_TSS_Enhancers_1285	ENSG00000155849	chr7	37448742.0	37448762.0
250514_VIC_CFB_TSS_Enhancers_1294	ENSG00000155849	chr7	37449087.0	37449107.0
250514_VIC_CFB_TSS_Enhancers_1291	ENSG00000155849	chr7	37449000.0	37449020.0
250514_VIC_CFB_TSS_Enhancers_1286	ENSG00000155849	chr7	37448806.0	37448826.0
250514_VIC_CFB_TSS_Enhancers_1288	ENSG00000155849	chr7	37448843.0	37448863.0
250514_VIC_CFB_TSS_Enhancers_70_verified	ENSG00000155849	chr7	37448819.0	37448839.0
250514_VIC_CFB_TSS_Enhancers_72_verified	ENSG00000155849	chr7	37448813.0	37448833.0
250514_VIC_CFB_TSS_Enhancers_201_verified	ENSG00000155849	chr7	37448622.0	37448641.0
250514_VIC_CFB_TSS_Enhancers_962	ENSG00000146374	chr6	127118932.0	127118952.0
250514_VIC_CFB_TSS_Enhancers_963	ENSG00000146374	chr6	127118966.0	127118986.0
250514_VIC_CFB_TSS_Enhancers_959	ENSG00000146374	chr6	127118863.0	127118883.0
250514_VIC_CFB_TSS_Enhancers_966	ENSG00000146374	chr6	127119079.0	127119099.0
250514_VIC_CFB_TSS_Enhancers_960	ENSG00000146374	chr6	127118883.0	127118903.0
250514_VIC_CFB_TSS_Enhancers_965	ENSG00000146374	chr6	127119041.0	127119061.0
250514_VIC_CFB_TSS_Enhancers_955	ENSG00000146374	chr6	127118730.0	127118750.0
250514_VIC_CFB_TSS_Enhancers_953	ENSG00000146374	chr6	127118688.0	127118708.0
250514_VIC_CFB_TSS_Enhancers_961	ENSG00000146374	chr6	127118912.0	127118932.0
250514_VIC_CFB_TSS_Enhancers_956	ENSG00000146374	chr6	127118755.0	127118775.0
250514_VIC_CFB_TSS_Enhancers_957	ENSG00000146374	chr6	127118801.0	127118821.0
250514_VIC_CFB_TSS_Enhancers_73_verified	ENSG00000146374	chr6	127118741.0	127118761.0
250514_VIC_CFB_TSS_Enhancers_114_verified	ENSG00000146374	chr6	127118864.0	127118884.0
250514_VIC_CFB_TSS_Enhancers_192_verified	ENSG00000146374	chr6	127118689.0	127118709.0
250514_VIC_CFB_TSS_Enhancers_373_verified	ENSG00000146374	chr6	127118652.0	127118658.0
250514_VIC_CFB_TSS_Enhancers_1082	ENSG00000164532	chr7	35254163.0	35254183.0
250514_VIC_CFB_TSS_Enhancers_1078	ENSG00000164532	chr7	35254041.0	35254061.0
250514_VIC_CFB_TSS_Enhancers_1072	ENSG00000164532	chr7	35253850.0	35253870.0
250514_VIC_CFB_TSS_Enhancers_1073	ENSG00000164532	chr7	35253866.0	35253886.0
250514_VIC_CFB_TSS_Enhancers_1086	ENSG00000164532	chr7	35254319.0	35254339.0
250514_VIC_CFB_TSS_Enhancers_1081	ENSG00000164532	chr7	35254130.0	35254150.0
250514_VIC_CFB_TSS_Enhancers_1083	ENSG00000164532	chr7	35254186.0	35254206.0
250514_VIC_CFB_TSS_Enhancers_1084	ENSG00000164532	chr7	35254257.0	35254277.0
250514_VIC_CFB_TSS_Enhancers_1074	ENSG00000164532	chr7	35253905.0	35253925.0
250514_VIC_CFB_TSS_Enhancers_1075	ENSG00000164532	chr7	35253963.0	35253983.0
250514_VIC_CFB_TSS_Enhancers_74_verified	ENSG00000164532	chr7	35254042.0	35254062.0
250514_VIC_CFB_TSS_Enhancers_86_verified	ENSG00000164532	chr7	35254026.0	35254046.0
250514_VIC_CFB_TSS_Enhancers_281_verified	ENSG00000164532	chr7	35253850.0	35253867.0
250514_VIC_CFB_TSS_Enhancers_315_verified	ENSG00000164532	chr7	35254048.0	35254067.0
250514_VIC_CFB_TSS_Enhancers_321_verified	ENSG00000164532	chr7	35254069.0	35254088.0
250514_VIC_CFB_TSS_Enhancers_445	ENSG00000157445	chr3	54122773.0	54122793.0
250514_VIC_CFB_TSS_Enhancers_446	ENSG00000157445	chr3	54122823.0	54122843.0
250514_VIC_CFB_TSS_Enhancers_442	ENSG00000157445	chr3	54122682.0	54122702.0
250514_VIC_CFB_TSS_Enhancers_437	ENSG00000157445	chr3	54122571.0	54122591.0
250514_VIC_CFB_TSS_Enhancers_449	ENSG00000157445	chr3	54122873.0	54122893.0
250514_VIC_CFB_TSS_Enhancers_441	ENSG00000157445	chr3	54122669.0	54122689.0
250514_VIC_CFB_TSS_Enhancers_447	ENSG00000157445	chr3	54122840.0	54122860.0
250514_VIC_CFB_TSS_Enhancers_450	ENSG00000157445	chr3	54122889.0	54122909.0
250514_VIC_CFB_TSS_Enhancers_436	ENSG00000157445	chr3	54122557.0	54122577.0
250514_VIC_CFB_TSS_Enhancers_78_verified	ENSG00000157445	chr3	54122640.0	54122660.0
250514_VIC_CFB_TSS_Enhancers_132_verified	ENSG00000157445	chr3	54122774.0	54122794.0
250514_VIC_CFB_TSS_Enhancers_169_verified	ENSG00000157445	chr3	54122577.0	54122597.0
250514_VIC_CFB_TSS_Enhancers_197_verified	ENSG00000157445	chr3	54122834.0	54122854.0
250514_VIC_CFB_TSS_Enhancers_224_verified	ENSG00000157445	chr3	54122664.0	54122684.0
250514_VIC_CFB_TSS_Enhancers_252_verified	ENSG00000157445	chr3	54122683.0	54122703.0
250514_VIC_CFB_TSS_Enhancers_2484	ENSG00000005102	chr17	43661863.0	43661883.0
250514_VIC_CFB_TSS_Enhancers_2478	ENSG00000005102	chr17	43661757.0	43661777.0
250514_VIC_CFB_TSS_Enhancers_2485	ENSG00000005102	chr17	43661872.0	43661892.0
250514_VIC_CFB_TSS_Enhancers_2481	ENSG00000005102	chr17	43661795.0	43661815.0
250514_VIC_CFB_TSS_Enhancers_2490	ENSG00000005102	chr17	43662036.0	43662056.0
250514_VIC_CFB_TSS_Enhancers_2479	ENSG00000005102	chr17	43661778.0	43661798.0
250514_VIC_CFB_TSS_Enhancers_2483	ENSG00000005102	chr17	43661812.0	43661832.0
250514_VIC_CFB_TSS_Enhancers_2480	ENSG00000005102	chr17	43661783.0	43661803.0
250514_VIC_CFB_TSS_Enhancers_2482	ENSG00000005102	chr17	43661810.0	43661830.0
250514_VIC_CFB_TSS_Enhancers_2487	ENSG00000005102	chr17	43661900.0	43661920.0
250514_VIC_CFB_TSS_Enhancers_2489	ENSG00000005102	chr17	43661956.0	43661976.0
250514_VIC_CFB_TSS_Enhancers_80_verified	ENSG00000005102	chr17	43661892.0	43661912.0
250514_VIC_CFB_TSS_Enhancers_150_verified	ENSG00000005102	chr17	43661859.0	43661879.0
250514_VIC_CFB_TSS_Enhancers_314_verified	ENSG00000005102	chr17	43661872.0	43661891.0
250514_VIC_CFB_TSS_Enhancers_396_verified	ENSG00000005102	chr17	43661730.0	43661750.0
250514_VIC_CFB_TSS_Enhancers_393	ENSG00000179796	chr3	26622649.0	26622669.0
250514_VIC_CFB_TSS_Enhancers_394	ENSG00000179796	chr3	26622667.0	26622687.0
250514_VIC_CFB_TSS_Enhancers_400	ENSG00000179796	chr3	26622914.0	26622934.0
250514_VIC_CFB_TSS_Enhancers_403	ENSG00000179796	chr3	26622967.0	26622987.0
250514_VIC_CFB_TSS_Enhancers_397	ENSG00000179796	chr3	26622802.0	26622822.0
250514_VIC_CFB_TSS_Enhancers_395	ENSG00000179796	chr3	26622682.0	26622702.0
250514_VIC_CFB_TSS_Enhancers_401	ENSG00000179796	chr3	26622934.0	26622954.0
250514_VIC_CFB_TSS_Enhancers_399	ENSG00000179796	chr3	26622877.0	26622897.0
250514_VIC_CFB_TSS_Enhancers_402	ENSG00000179796	chr3	26622955.0	26622975.0
250514_VIC_CFB_TSS_Enhancers_405	ENSG00000179796	chr3	26623034.0	26623054.0
250514_VIC_CFB_TSS_Enhancers_404	ENSG00000179796	chr3	26623005.0	26623025.0
250514_VIC_CFB_TSS_Enhancers_82_verified	ENSG00000179796	chr3	26622878.0	26622898.0
250514_VIC_CFB_TSS_Enhancers_140_verified	ENSG00000179796	chr3	26622803.0	26622823.0
250514_VIC_CFB_TSS_Enhancers_218_verified	ENSG00000179796	chr3	26622818.0	26622838.0
250514_VIC_CFB_TSS_Enhancers_260_verified	ENSG00000179796	chr3	26622864.0	26622884.0
250514_VIC_CFB_TSS_Enhancers_1867	ENSG00000139044	chr12	459695.0	459715.0
250514_VIC_CFB_TSS_Enhancers_1874	ENSG00000139044	chr12	459939.0	459959.0
250514_VIC_CFB_TSS_Enhancers_1869	ENSG00000139044	chr12	459774.0	459794.0
250514_VIC_CFB_TSS_Enhancers_1872	ENSG00000139044	chr12	459861.0	459881.0
250514_VIC_CFB_TSS_Enhancers_1876	ENSG00000139044	chr12	460031.0	460051.0
250514_VIC_CFB_TSS_Enhancers_1871	ENSG00000139044	chr12	459832.0	459852.0
250514_VIC_CFB_TSS_Enhancers_1868	ENSG00000139044	chr12	459716.0	459736.0
250514_VIC_CFB_TSS_Enhancers_1877	ENSG00000139044	chr12	460044.0	460064.0
250514_VIC_CFB_TSS_Enhancers_1878	ENSG00000139044	chr12	460083.0	460103.0
250514_VIC_CFB_TSS_Enhancers_1881	ENSG00000139044	chr12	460161.0	460181.0
250514_VIC_CFB_TSS_Enhancers_1873	ENSG00000139044	chr12	459888.0	459908.0
250514_VIC_CFB_TSS_Enhancers_85_verified	ENSG00000139044	chr12	460182.0	460189.0
250514_VIC_CFB_TSS_Enhancers_127_verified	ENSG00000139044	chr12	459960.0	459980.0
250514_VIC_CFB_TSS_Enhancers_146_verified	ENSG00000139044	chr12	459969.0	459989.0
250514_VIC_CFB_TSS_Enhancers_250_verified	ENSG00000139044	chr12	460032.0	460052.0
250514_VIC_CFB_TSS_Enhancers_855	ENSG00000081189	chr5	88883272.0	88883292.0
250514_VIC_CFB_TSS_Enhancers_850	ENSG00000081189	chr5	88883096.0	88883116.0
250514_VIC_CFB_TSS_Enhancers_860	ENSG00000081189	chr5	88883362.0	88883382.0
250514_VIC_CFB_TSS_Enhancers_856	ENSG00000081189	chr5	88883277.0	88883297.0
250514_VIC_CFB_TSS_Enhancers_858	ENSG00000081189	chr5	88883289.0	88883309.0
250514_VIC_CFB_TSS_Enhancers_847	ENSG00000081189	chr5	88882938.0	88882958.0
250514_VIC_CFB_TSS_Enhancers_857	ENSG00000081189	chr5	88883286.0	88883306.0
250514_VIC_CFB_TSS_Enhancers_861	ENSG00000081189	chr5	88883406.0	88883426.0
250514_VIC_CFB_TSS_Enhancers_853	ENSG00000081189	chr5	88883235.0	88883255.0
250514_VIC_CFB_TSS_Enhancers_859	ENSG00000081189	chr5	88883358.0	88883378.0
250514_VIC_CFB_TSS_Enhancers_88_verified	ENSG00000081189	chr5	88882934.0	88882951.0
250514_VIC_CFB_TSS_Enhancers_109_verified	ENSG00000081189	chr5	88882934.0	88882944.0
250514_VIC_CFB_TSS_Enhancers_149_verified	ENSG00000081189	chr5	88882968.0	88882987.0
250514_VIC_CFB_TSS_Enhancers_200_verified	ENSG00000081189	chr5	88883284.0	88883303.0
250514_VIC_CFB_TSS_Enhancers_343_verified	ENSG00000081189	chr5	88883096.0	88883115.0
250514_VIC_CFB_TSS_Enhancers_93_verified	ENSG00000134250	chr1	120069694.0	120069714.0
250514_VIC_CFB_TSS_Enhancers_1745	ENSG00000197467	chr10	69801775.0	69801795.0
250514_VIC_CFB_TSS_Enhancers_1748	ENSG00000197467	chr10	69801920.0	69801940.0
250514_VIC_CFB_TSS_Enhancers_1746	ENSG00000197467	chr10	69801805.0	69801825.0
250514_VIC_CFB_TSS_Enhancers_1752	ENSG00000197467	chr10	69802014.0	69802034.0
250514_VIC_CFB_TSS_Enhancers_1754	ENSG00000197467	chr10	69802054.0	69802074.0
250514_VIC_CFB_TSS_Enhancers_1744	ENSG00000197467	chr10	69801747.0	69801767.0
250514_VIC_CFB_TSS_Enhancers_1753	ENSG00000197467	chr10	69802032.0	69802052.0
250514_VIC_CFB_TSS_Enhancers_1742	ENSG00000197467	chr10	69801683.0	69801703.0
250514_VIC_CFB_TSS_Enhancers_1750	ENSG00000197467	chr10	69801984.0	69802004.0
250514_VIC_CFB_TSS_Enhancers_95_verified	ENSG00000197467	chr10	69801937.0	69801957.0
250514_VIC_CFB_TSS_Enhancers_121_verified	ENSG00000197467	chr10	69801983.0	69802003.0
250514_VIC_CFB_TSS_Enhancers_191_verified	ENSG00000197467	chr10	69802001.0	69802020.0
250514_VIC_CFB_TSS_Enhancers_303_verified	ENSG00000197467	chr10	69801964.0	69801984.0
250514_VIC_CFB_TSS_Enhancers_322_verified	ENSG00000197467	chr10	69801925.0	69801945.0
250514_VIC_CFB_TSS_Enhancers_419_verified	ENSG00000197467	chr10	69801931.0	69801951.0
250514_VIC_CFB_TSS_Enhancers_2338	ENSG00000176658	chr17	32877053.0	32877073.0
250514_VIC_CFB_TSS_Enhancers_2333	ENSG00000176658	chr17	32876923.0	32876943.0
250514_VIC_CFB_TSS_Enhancers_2334	ENSG00000176658	chr17	32876933.0	32876953.0
250514_VIC_CFB_TSS_Enhancers_2335	ENSG00000176658	chr17	32876963.0	32876983.0
250514_VIC_CFB_TSS_Enhancers_2339	ENSG00000176658	chr17	32877106.0	32877126.0
250514_VIC_CFB_TSS_Enhancers_2345	ENSG00000176658	chr17	32877277.0	32877297.0
250514_VIC_CFB_TSS_Enhancers_2336	ENSG00000176658	chr17	32876992.0	32877012.0
250514_VIC_CFB_TSS_Enhancers_2347	ENSG00000176658	chr17	32877403.0	32877423.0
250514_VIC_CFB_TSS_Enhancers_2344	ENSG00000176658	chr17	32877261.0	32877281.0
250514_VIC_CFB_TSS_Enhancers_2343	ENSG00000176658	chr17	32877233.0	32877253.0
250514_VIC_CFB_TSS_Enhancers_2346	ENSG00000176658	chr17	32877358.0	32877378.0
250514_VIC_CFB_TSS_Enhancers_96_verified	ENSG00000176658	chr17	32877087.0	32877107.0
250514_VIC_CFB_TSS_Enhancers_242_verified	ENSG00000176658	chr17	32877059.0	32877079.0
250514_VIC_CFB_TSS_Enhancers_300_verified	ENSG00000176658	chr17	32877029.0	32877049.0
250514_VIC_CFB_TSS_Enhancers_327_verified	ENSG00000176658	chr17	32877054.0	32877073.0
250514_VIC_CFB_TSS_Enhancers_807	ENSG00000113389	chr5	32711293.0	32711313.0
250514_VIC_CFB_TSS_Enhancers_806	ENSG00000113389	chr5	32711280.0	32711300.0
250514_VIC_CFB_TSS_Enhancers_805	ENSG00000113389	chr5	32711258.0	32711278.0
250514_VIC_CFB_TSS_Enhancers_810	ENSG00000113389	chr5	32711520.0	32711540.0
250514_VIC_CFB_TSS_Enhancers_809	ENSG00000113389	chr5	32711463.0	32711483.0
250514_VIC_CFB_TSS_Enhancers_802	ENSG00000113389	chr5	32711222.0	32711242.0
250514_VIC_CFB_TSS_Enhancers_808	ENSG00000113389	chr5	32711327.0	32711347.0
250514_VIC_CFB_TSS_Enhancers_798	ENSG00000113389	chr5	32711104.0	32711124.0
250514_VIC_CFB_TSS_Enhancers_804	ENSG00000113389	chr5	32711244.0	32711264.0
250514_VIC_CFB_TSS_Enhancers_799	ENSG00000113389	chr5	32711115.0	32711135.0
250514_VIC_CFB_TSS_Enhancers_801	ENSG00000113389	chr5	32711221.0	32711241.0
250514_VIC_CFB_TSS_Enhancers_97_verified	ENSG00000113389	chr5	32711464.0	32711484.0
250514_VIC_CFB_TSS_Enhancers_120_verified	ENSG00000113389	chr5	32711355.0	32711375.0
250514_VIC_CFB_TSS_Enhancers_362_verified	ENSG00000113389	chr5	32711509.0	32711529.0
250514_VIC_CFB_TSS_Enhancers_427_verified	ENSG00000113389	chr5	32711321.0	32711341.0
250514_VIC_CFB_TSS_Enhancers_1614	ENSG00000167081	chr9	125747442.0	125747462.0
250514_VIC_CFB_TSS_Enhancers_1606	ENSG00000167081	chr9	125747087.0	125747107.0
250514_VIC_CFB_TSS_Enhancers_1618	ENSG00000167081	chr9	125747542.0	125747562.0
250514_VIC_CFB_TSS_Enhancers_1619	ENSG00000167081	chr9	125747546.0	125747566.0
250514_VIC_CFB_TSS_Enhancers_1617	ENSG00000167081	chr9	125747498.0	125747518.0
250514_VIC_CFB_TSS_Enhancers_1610	ENSG00000167081	chr9	125747225.0	125747245.0
250514_VIC_CFB_TSS_Enhancers_1616	ENSG00000167081	chr9	125747483.0	125747503.0
250514_VIC_CFB_TSS_Enhancers_1612	ENSG00000167081	chr9	125747270.0	125747290.0
250514_VIC_CFB_TSS_Enhancers_1608	ENSG00000167081	chr9	125747197.0	125747217.0
250514_VIC_CFB_TSS_Enhancers_1615	ENSG00000167081	chr9	125747469.0	125747489.0
250514_VIC_CFB_TSS_Enhancers_1620	ENSG00000167081	chr9	125747563.0	125747583.0
250514_VIC_CFB_TSS_Enhancers_99_verified	ENSG00000167081	chr9	125747464.0	125747484.0
250514_VIC_CFB_TSS_Enhancers_235_verified	ENSG00000167081	chr9	125747449.0	125747468.0
250514_VIC_CFB_TSS_Enhancers_386_verified	ENSG00000167081	chr9	125747441.0	125747461.0
250514_VIC_CFB_TSS_Enhancers_409_verified	ENSG00000167081	chr9	125747490.0	125747510.0
250514_VIC_CFB_TSS_Enhancers_295	ENSG00000169554	chr2	144520153.0	144520173.0
250514_VIC_CFB_TSS_Enhancers_289	ENSG00000169554	chr2	144520062.0	144520082.0
250514_VIC_CFB_TSS_Enhancers_298	ENSG00000169554	chr2	144520280.0	144520300.0
250514_VIC_CFB_TSS_Enhancers_297	ENSG00000169554	chr2	144520246.0	144520266.0
250514_VIC_CFB_TSS_Enhancers_287	ENSG00000169554	chr2	144519940.0	144519960.0
250514_VIC_CFB_TSS_Enhancers_290	ENSG00000169554	chr2	144520066.0	144520086.0
250514_VIC_CFB_TSS_Enhancers_296	ENSG00000169554	chr2	144520242.0	144520262.0
250514_VIC_CFB_TSS_Enhancers_288	ENSG00000169554	chr2	144519990.0	144520010.0
250514_VIC_CFB_TSS_Enhancers_291	ENSG00000169554	chr2	144520088.0	144520108.0
250514_VIC_CFB_TSS_Enhancers_292	ENSG00000169554	chr2	144520101.0	144520121.0
250514_VIC_CFB_TSS_Enhancers_294	ENSG00000169554	chr2	144520134.0	144520154.0
250514_VIC_CFB_TSS_Enhancers_286	ENSG00000169554	chr2	144519878.0	144519898.0
250514_VIC_CFB_TSS_Enhancers_101_verified	ENSG00000169554	chr2	144519988.0	144520007.0
250514_VIC_CFB_TSS_Enhancers_171_verified	ENSG00000169554	chr2	144520063.0	144520082.0
250514_VIC_CFB_TSS_Enhancers_268_verified	ENSG00000169554	chr2	144520023.0	144520043.0
250514_VIC_CFB_TSS_Enhancers_2007	ENSG00000120693	chr13	36920261.0	36920281.0
250514_VIC_CFB_TSS_Enhancers_2013	ENSG00000120693	chr13	36920408.0	36920428.0
250514_VIC_CFB_TSS_Enhancers_2012	ENSG00000120693	chr13	36920404.0	36920424.0
250514_VIC_CFB_TSS_Enhancers_2005	ENSG00000120693	chr13	36920217.0	36920237.0
250514_VIC_CFB_TSS_Enhancers_2006	ENSG00000120693	chr13	36920220.0	36920240.0
250514_VIC_CFB_TSS_Enhancers_2008	ENSG00000120693	chr13	36920271.0	36920291.0
250514_VIC_CFB_TSS_Enhancers_2014	ENSG00000120693	chr13	36920415.0	36920435.0
250514_VIC_CFB_TSS_Enhancers_2015	ENSG00000120693	chr13	36920454.0	36920474.0
250514_VIC_CFB_TSS_Enhancers_2010	ENSG00000120693	chr13	36920339.0	36920359.0
250514_VIC_CFB_TSS_Enhancers_2004	ENSG00000120693	chr13	36920124.0	36920144.0
250514_VIC_CFB_TSS_Enhancers_2003	ENSG00000120693	chr13	36920099.0	36920119.0
250514_VIC_CFB_TSS_Enhancers_102_verified	ENSG00000120693	chr13	36920022.0	36920032.0
250514_VIC_CFB_TSS_Enhancers_130_verified	ENSG00000120693	chr13	36920218.0	36920237.0
250514_VIC_CFB_TSS_Enhancers_280_verified	ENSG00000120693	chr13	36920022.0	36920038.0
250514_VIC_CFB_TSS_Enhancers_309_verified	ENSG00000120693	chr13	36920224.0	36920244.0
250514_VIC_CFB_TSS_Enhancers_1335	ENSG00000187391	chr7	79453711.0	79453731.0
250514_VIC_CFB_TSS_Enhancers_1332	ENSG00000187391	chr7	79453634.0	79453654.0
250514_VIC_CFB_TSS_Enhancers_1337	ENSG00000187391	chr7	79453830.0	79453850.0
250514_VIC_CFB_TSS_Enhancers_1326	ENSG00000187391	chr7	79453446.0	79453466.0
250514_VIC_CFB_TSS_Enhancers_1339	ENSG00000187391	chr7	79453893.0	79453913.0
250514_VIC_CFB_TSS_Enhancers_1325	ENSG00000187391	chr7	79453442.0	79453462.0
250514_VIC_CFB_TSS_Enhancers_1334	ENSG00000187391	chr7	79453699.0	79453719.0
250514_VIC_CFB_TSS_Enhancers_1333	ENSG00000187391	chr7	79453650.0	79453670.0
250514_VIC_CFB_TSS_Enhancers_1327	ENSG00000187391	chr7	79453472.0	79453492.0
250514_VIC_CFB_TSS_Enhancers_1338	ENSG00000187391	chr7	79453873.0	79453893.0
250514_VIC_CFB_TSS_Enhancers_105_verified	ENSG00000187391	chr7	79453473.0	79453493.0
250514_VIC_CFB_TSS_Enhancers_139_verified	ENSG00000187391	chr7	79453641.0	79453661.0
250514_VIC_CFB_TSS_Enhancers_312_verified	ENSG00000187391	chr7	79453634.0	79453653.0
250514_VIC_CFB_TSS_Enhancers_316_verified	ENSG00000187391	chr7	79453443.0	79453463.0
250514_VIC_CFB_TSS_Enhancers_426_verified	ENSG00000187391	chr7	79453555.0	79453575.0
250514_VIC_CFB_TSS_Enhancers_1944	ENSG00000074590	chr12	106138768.0	106138788.0
250514_VIC_CFB_TSS_Enhancers_1943	ENSG00000074590	chr12	106138727.0	106138747.0
250514_VIC_CFB_TSS_Enhancers_1955	ENSG00000074590	chr12	106139163.0	106139183.0
250514_VIC_CFB_TSS_Enhancers_1946	ENSG00000074590	chr12	106138820.0	106138840.0
250514_VIC_CFB_TSS_Enhancers_1945	ENSG00000074590	chr12	106138790.0	106138810.0
250514_VIC_CFB_TSS_Enhancers_1942	ENSG00000074590	chr12	106138706.0	106138726.0
250514_VIC_CFB_TSS_Enhancers_1948	ENSG00000074590	chr12	106138881.0	106138901.0
250514_VIC_CFB_TSS_Enhancers_1951	ENSG00000074590	chr12	106139009.0	106139029.0
250514_VIC_CFB_TSS_Enhancers_1947	ENSG00000074590	chr12	106138869.0	106138889.0
250514_VIC_CFB_TSS_Enhancers_1952	ENSG00000074590	chr12	106139014.0	106139034.0
250514_VIC_CFB_TSS_Enhancers_1950	ENSG00000074590	chr12	106138952.0	106138972.0
250514_VIC_CFB_TSS_Enhancers_107_verified	ENSG00000074590	chr12	106138708.0	106138727.0
250514_VIC_CFB_TSS_Enhancers_117_verified	ENSG00000074590	chr12	106138866.0	106138886.0
250514_VIC_CFB_TSS_Enhancers_225_verified	ENSG00000074590	chr12	106138874.0	106138893.0
250514_VIC_CFB_TSS_Enhancers_328_verified	ENSG00000074590	chr12	106138736.0	106138755.0
250514_VIC_CFB_TSS_Enhancers_1891	ENSG00000123104	chr12	26833240.0	26833260.0
250514_VIC_CFB_TSS_Enhancers_1884	ENSG00000123104	chr12	26832999.0	26833019.0
250514_VIC_CFB_TSS_Enhancers_1890	ENSG00000123104	chr12	26833209.0	26833229.0
250514_VIC_CFB_TSS_Enhancers_1882	ENSG00000123104	chr12	26832950.0	26832970.0
250514_VIC_CFB_TSS_Enhancers_1895	ENSG00000123104	chr12	26833401.0	26833421.0
250514_VIC_CFB_TSS_Enhancers_1893	ENSG00000123104	chr12	26833340.0	26833360.0
250514_VIC_CFB_TSS_Enhancers_1885	ENSG00000123104	chr12	26833048.0	26833068.0
250514_VIC_CFB_TSS_Enhancers_1888	ENSG00000123104	chr12	26833161.0	26833181.0
250514_VIC_CFB_TSS_Enhancers_1883	ENSG00000123104	chr12	26832969.0	26832989.0
250514_VIC_CFB_TSS_Enhancers_1889	ENSG00000123104	chr12	26833172.0	26833192.0
250514_VIC_CFB_TSS_Enhancers_138_verified	ENSG00000123104	chr12	26833131.0	26833151.0
250514_VIC_CFB_TSS_Enhancers_151_verified	ENSG00000123104	chr12	26832995.0	26833015.0
250514_VIC_CFB_TSS_Enhancers_195_verified	ENSG00000123104	chr12	26833148.0	26833167.0
250514_VIC_CFB_TSS_Enhancers_203_verified	ENSG00000123104	chr12	26832952.0	26832972.0
250514_VIC_CFB_TSS_Enhancers_371_verified	ENSG00000123104	chr12	26833171.0	26833190.0
250514_VIC_CFB_TSS_Enhancers_359	ENSG00000071282	chr3	8501589.0	8501609.0
250514_VIC_CFB_TSS_Enhancers_365	ENSG00000071282	chr3	8501780.0	8501800.0
250514_VIC_CFB_TSS_Enhancers_372	ENSG00000071282	chr3	8502034.0	8502054.0
250514_VIC_CFB_TSS_Enhancers_361	ENSG00000071282	chr3	8501627.0	8501647.0
250514_VIC_CFB_TSS_Enhancers_368	ENSG00000071282	chr3	8501858.0	8501878.0
250514_VIC_CFB_TSS_Enhancers_367	ENSG00000071282	chr3	8501835.0	8501855.0
250514_VIC_CFB_TSS_Enhancers_362	ENSG00000071282	chr3	8501669.0	8501689.0
250514_VIC_CFB_TSS_Enhancers_364	ENSG00000071282	chr3	8501715.0	8501735.0
250514_VIC_CFB_TSS_Enhancers_369	ENSG00000071282	chr3	8501878.0	8501898.0
250514_VIC_CFB_TSS_Enhancers_366	ENSG00000071282	chr3	8501807.0	8501827.0
250514_VIC_CFB_TSS_Enhancers_143_verified	ENSG00000071282	chr3	8501836.0	8501855.0
250514_VIC_CFB_TSS_Enhancers_263_verified	ENSG00000071282	chr3	8501888.0	8501908.0
250514_VIC_CFB_TSS_Enhancers_269_verified	ENSG00000071282	chr3	8502038.0	8502056.0
250514_VIC_CFB_TSS_Enhancers_313_verified	ENSG00000071282	chr3	8501845.0	8501864.0
250514_VIC_CFB_TSS_Enhancers_376_verified	ENSG00000071282	chr3	8502032.0	8502051.0
250514_VIC_CFB_TSS_Enhancers_1296	ENSG00000106571	chr7	42236815.0	42236835.0
250514_VIC_CFB_TSS_Enhancers_1301	ENSG00000106571	chr7	42236953.0	42236973.0
250514_VIC_CFB_TSS_Enhancers_1304	ENSG00000106571	chr7	42237066.0	42237086.0
250514_VIC_CFB_TSS_Enhancers_1302	ENSG00000106571	chr7	42237000.0	42237020.0
250514_VIC_CFB_TSS_Enhancers_1309	ENSG00000106571	chr7	42237249.0	42237269.0
250514_VIC_CFB_TSS_Enhancers_1297	ENSG00000106571	chr7	42236860.0	42236880.0
250514_VIC_CFB_TSS_Enhancers_1307	ENSG00000106571	chr7	42237199.0	42237219.0
250514_VIC_CFB_TSS_Enhancers_1303	ENSG00000106571	chr7	42237016.0	42237036.0
250514_VIC_CFB_TSS_Enhancers_1299	ENSG00000106571	chr7	42236882.0	42236902.0
250514_VIC_CFB_TSS_Enhancers_153_verified	ENSG00000106571	chr7	42237112.0	42237132.0
250514_VIC_CFB_TSS_Enhancers_158_verified	ENSG00000106571	chr7	42236996.0	42237016.0
250514_VIC_CFB_TSS_Enhancers_177_verified	ENSG00000106571	chr7	42236941.0	42236961.0
250514_VIC_CFB_TSS_Enhancers_271_verified	ENSG00000106571	chr7	42236963.0	42236982.0
250514_VIC_CFB_TSS_Enhancers_274_verified	ENSG00000106571	chr7	42237158.0	42237178.0
250514_VIC_CFB_TSS_Enhancers_277_verified	ENSG00000106571	chr7	42236957.0	42236976.0
250514_VIC_CFB_TSS_Enhancers_2586	ENSG00000134775	chr18	36297922.0	36297942.0
250514_VIC_CFB_TSS_Enhancers_2580	ENSG00000134775	chr18	36297758.0	36297778.0
250514_VIC_CFB_TSS_Enhancers_2575	ENSG00000134775	chr18	36297550.0	36297570.0
250514_VIC_CFB_TSS_Enhancers_2573	ENSG00000134775	chr18	36297497.0	36297517.0
250514_VIC_CFB_TSS_Enhancers_2576	ENSG00000134775	chr18	36297573.0	36297593.0
250514_VIC_CFB_TSS_Enhancers_2581	ENSG00000134775	chr18	36297783.0	36297803.0
250514_VIC_CFB_TSS_Enhancers_2578	ENSG00000134775	chr18	36297704.0	36297724.0
250514_VIC_CFB_TSS_Enhancers_2582	ENSG00000134775	chr18	36297794.0	36297814.0
250514_VIC_CFB_TSS_Enhancers_2574	ENSG00000134775	chr18	36297506.0	36297526.0
250514_VIC_CFB_TSS_Enhancers_2583	ENSG00000134775	chr18	36297820.0	36297840.0
250514_VIC_CFB_TSS_Enhancers_154_verified	ENSG00000134775	chr18	36297784.0	36297804.0
250514_VIC_CFB_TSS_Enhancers_172_verified	ENSG00000134775	chr18	36297922.0	36297941.0
250514_VIC_CFB_TSS_Enhancers_196_verified	ENSG00000134775	chr18	36297762.0	36297781.0
250514_VIC_CFB_TSS_Enhancers_294_verified	ENSG00000134775	chr18	36297936.0	36297945.0
250514_VIC_CFB_TSS_Enhancers_295_verified	ENSG00000134775	chr18	36297727.0	36297746.0
250514_VIC_CFB_TSS_Enhancers_116	ENSG00000117139	chr1	202808454.0	202808474.0
250514_VIC_CFB_TSS_Enhancers_115	ENSG00000117139	chr1	202808401.0	202808421.0
250514_VIC_CFB_TSS_Enhancers_108	ENSG00000117139	chr1	202808201.0	202808221.0
250514_VIC_CFB_TSS_Enhancers_119	ENSG00000117139	chr1	202808590.0	202808610.0
250514_VIC_CFB_TSS_Enhancers_117	ENSG00000117139	chr1	202808532.0	202808552.0
250514_VIC_CFB_TSS_Enhancers_106	ENSG00000117139	chr1	202808173.0	202808193.0
250514_VIC_CFB_TSS_Enhancers_114	ENSG00000117139	chr1	202808351.0	202808371.0
250514_VIC_CFB_TSS_Enhancers_107	ENSG00000117139	chr1	202808190.0	202808210.0
250514_VIC_CFB_TSS_Enhancers_118	ENSG00000117139	chr1	202808535.0	202808555.0
250514_VIC_CFB_TSS_Enhancers_109	ENSG00000117139	chr1	202808220.0	202808240.0
250514_VIC_CFB_TSS_Enhancers_159_verified	ENSG00000117139	chr1	202808348.0	202808368.0
250514_VIC_CFB_TSS_Enhancers_178_verified	ENSG00000117139	chr1	202808199.0	202808218.0
250514_VIC_CFB_TSS_Enhancers_288_verified	ENSG00000117139	chr1	202808366.0	202808385.0
250514_VIC_CFB_TSS_Enhancers_311_verified	ENSG00000117139	chr1	202808381.0	202808400.0
250514_VIC_CFB_TSS_Enhancers_374_verified	ENSG00000117139	chr1	202808371.0	202808390.0
250514_VIC_CFB_TSS_Enhancers_73	ENSG00000143442	chr1	151459539.0	151459559.0
250514_VIC_CFB_TSS_Enhancers_71	ENSG00000143442	chr1	151459481.0	151459501.0
250514_VIC_CFB_TSS_Enhancers_70	ENSG00000143442	chr1	151459473.0	151459493.0
250514_VIC_CFB_TSS_Enhancers_65	ENSG00000143442	chr1	151459418.0	151459438.0
250514_VIC_CFB_TSS_Enhancers_72	ENSG00000143442	chr1	151459518.0	151459538.0
250514_VIC_CFB_TSS_Enhancers_62	ENSG00000143442	chr1	151459297.0	151459317.0
250514_VIC_CFB_TSS_Enhancers_61	ENSG00000143442	chr1	151459289.0	151459309.0
250514_VIC_CFB_TSS_Enhancers_64	ENSG00000143442	chr1	151459330.0	151459350.0
250514_VIC_CFB_TSS_Enhancers_68	ENSG00000143442	chr1	151459464.0	151459484.0
250514_VIC_CFB_TSS_Enhancers_66	ENSG00000143442	chr1	151459421.0	151459441.0
250514_VIC_CFB_TSS_Enhancers_69	ENSG00000143442	chr1	151459466.0	151459486.0
250514_VIC_CFB_TSS_Enhancers_74	ENSG00000143442	chr1	151459576.0	151459596.0
250514_VIC_CFB_TSS_Enhancers_67	ENSG00000143442	chr1	151459463.0	151459483.0
250514_VIC_CFB_TSS_Enhancers_163_verified	ENSG00000143442	chr1	151459422.0	151459441.0
250514_VIC_CFB_TSS_Enhancers_318_verified	ENSG00000143442	chr1	151459408.0	151459427.0
250514_VIC_CFB_TSS_Enhancers_50	ENSG00000142875	chr1	84077971.0	84077991.0
250514_VIC_CFB_TSS_Enhancers_51	ENSG00000142875	chr1	84077975.0	84077995.0
250514_VIC_CFB_TSS_Enhancers_52	ENSG00000142875	chr1	84078032.0	84078052.0
250514_VIC_CFB_TSS_Enhancers_58	ENSG00000142875	chr1	84078209.0	84078229.0
250514_VIC_CFB_TSS_Enhancers_55	ENSG00000142875	chr1	84078167.0	84078187.0
250514_VIC_CFB_TSS_Enhancers_56	ENSG00000142875	chr1	84078175.0	84078195.0
250514_VIC_CFB_TSS_Enhancers_46	ENSG00000142875	chr1	84077825.0	84077845.0
250514_VIC_CFB_TSS_Enhancers_49	ENSG00000142875	chr1	84077940.0	84077960.0
250514_VIC_CFB_TSS_Enhancers_57	ENSG00000142875	chr1	84078189.0	84078209.0
250514_VIC_CFB_TSS_Enhancers_60	ENSG00000142875	chr1	84078254.0	84078274.0
250514_VIC_CFB_TSS_Enhancers_54	ENSG00000142875	chr1	84078149.0	84078169.0
250514_VIC_CFB_TSS_Enhancers_59	ENSG00000142875	chr1	84078239.0	84078259.0
250514_VIC_CFB_TSS_Enhancers_168_verified	ENSG00000142875	chr1	84078157.0	84078177.0
250514_VIC_CFB_TSS_Enhancers_366_verified	ENSG00000142875	chr1	84078133.0	84078153.0
250514_VIC_CFB_TSS_Enhancers_428_verified	ENSG00000142875	chr1	84078308.0	84078312.0
250514_VIC_CFB_TSS_Enhancers_1426	ENSG00000136574	chr8	11703950.0	11703970.0
250514_VIC_CFB_TSS_Enhancers_1436	ENSG00000136574	chr8	11704232.0	11704252.0
250514_VIC_CFB_TSS_Enhancers_1430	ENSG00000136574	chr8	11704084.0	11704104.0
250514_VIC_CFB_TSS_Enhancers_1432	ENSG00000136574	chr8	11704129.0	11704149.0
250514_VIC_CFB_TSS_Enhancers_1427	ENSG00000136574	chr8	11703988.0	11704008.0
250514_VIC_CFB_TSS_Enhancers_1431	ENSG00000136574	chr8	11704120.0	11704140.0
250514_VIC_CFB_TSS_Enhancers_1434	ENSG00000136574	chr8	11704181.0	11704201.0
250514_VIC_CFB_TSS_Enhancers_1425	ENSG00000136574	chr8	11703916.0	11703936.0
250514_VIC_CFB_TSS_Enhancers_1439	ENSG00000136574	chr8	11704371.0	11704391.0
250514_VIC_CFB_TSS_Enhancers_173_verified	ENSG00000136574	chr8	11704220.0	11704240.0
250514_VIC_CFB_TSS_Enhancers_265_verified	ENSG00000136574	chr8	11704206.0	11704226.0
250514_VIC_CFB_TSS_Enhancers_301_verified	ENSG00000136574	chr8	11704232.0	11704251.0
250514_VIC_CFB_TSS_Enhancers_350_verified	ENSG00000136574	chr8	11704270.0	11704289.0
250514_VIC_CFB_TSS_Enhancers_358_verified	ENSG00000136574	chr8	11704385.0	11704400.0
250514_VIC_CFB_TSS_Enhancers_387_verified	ENSG00000136574	chr8	11704241.0	11704261.0
250514_VIC_CFB_TSS_Enhancers_2287	ENSG00000005339	chr16	3880340.0	3880360.0
250514_VIC_CFB_TSS_Enhancers_2280	ENSG00000005339	chr16	3880187.0	3880207.0
250514_VIC_CFB_TSS_Enhancers_2281	ENSG00000005339	chr16	3880190.0	3880210.0
250514_VIC_CFB_TSS_Enhancers_2286	ENSG00000005339	chr16	3880333.0	3880353.0
250514_VIC_CFB_TSS_Enhancers_2274	ENSG00000005339	chr16	3879928.0	3879948.0
250514_VIC_CFB_TSS_Enhancers_2285	ENSG00000005339	chr16	3880329.0	3880349.0
250514_VIC_CFB_TSS_Enhancers_2275	ENSG00000005339	chr16	3879992.0	3880012.0
250514_VIC_CFB_TSS_Enhancers_2284	ENSG00000005339	chr16	3880271.0	3880291.0
250514_VIC_CFB_TSS_Enhancers_2276	ENSG00000005339	chr16	3880010.0	3880030.0
250514_VIC_CFB_TSS_Enhancers_2283	ENSG00000005339	chr16	3880245.0	3880265.0
250514_VIC_CFB_TSS_Enhancers_2273	ENSG00000005339	chr16	3879896.0	3879916.0
250514_VIC_CFB_TSS_Enhancers_2279	ENSG00000005339	chr16	3880179.0	3880199.0
250514_VIC_CFB_TSS_Enhancers_2278	ENSG00000005339	chr16	3880117.0	3880137.0
250514_VIC_CFB_TSS_Enhancers_2282	ENSG00000005339	chr16	3880238.0	3880258.0
250514_VIC_CFB_TSS_Enhancers_184_verified	ENSG00000005339	chr16	3880189.0	3880208.0
250514_VIC_CFB_TSS_Enhancers_153	ENSG00000198626	chr1	237041982.0	237042002.0
250514_VIC_CFB_TSS_Enhancers_159	ENSG00000198626	chr1	237042207.0	237042227.0
250514_VIC_CFB_TSS_Enhancers_154	ENSG00000198626	chr1	237042026.0	237042046.0
250514_VIC_CFB_TSS_Enhancers_157	ENSG00000198626	chr1	237042146.0	237042166.0
250514_VIC_CFB_TSS_Enhancers_155	ENSG00000198626	chr1	237042051.0	237042071.0
250514_VIC_CFB_TSS_Enhancers_163	ENSG00000198626	chr1	237042339.0	237042359.0
250514_VIC_CFB_TSS_Enhancers_165	ENSG00000198626	chr1	237042384.0	237042404.0
250514_VIC_CFB_TSS_Enhancers_158	ENSG00000198626	chr1	237042165.0	237042185.0
250514_VIC_CFB_TSS_Enhancers_162	ENSG00000198626	chr1	237042291.0	237042311.0
250514_VIC_CFB_TSS_Enhancers_164	ENSG00000198626	chr1	237042356.0	237042376.0
250514_VIC_CFB_TSS_Enhancers_185_verified	ENSG00000198626	chr1	237042229.0	237042249.0
250514_VIC_CFB_TSS_Enhancers_217_verified	ENSG00000198626	chr1	237042216.0	237042236.0
250514_VIC_CFB_TSS_Enhancers_306_verified	ENSG00000198626	chr1	237042362.0	237042382.0
250514_VIC_CFB_TSS_Enhancers_310_verified	ENSG00000198626	chr1	237042180.0	237042199.0
250514_VIC_CFB_TSS_Enhancers_385_verified	ENSG00000198626	chr1	237042189.0	237042209.0
250514_VIC_CFB_TSS_Enhancers_513	ENSG00000085276	chr3	169663674.0	169663694.0
250514_VIC_CFB_TSS_Enhancers_516	ENSG00000085276	chr3	169663762.0	169663782.0
250514_VIC_CFB_TSS_Enhancers_525	ENSG00000085276	chr3	169663916.0	169663936.0
250514_VIC_CFB_TSS_Enhancers_514	ENSG00000085276	chr3	169663698.0	169663718.0
250514_VIC_CFB_TSS_Enhancers_517	ENSG00000085276	chr3	169663765.0	169663785.0
250514_VIC_CFB_TSS_Enhancers_515	ENSG00000085276	chr3	169663747.0	169663767.0
250514_VIC_CFB_TSS_Enhancers_524	ENSG00000085276	chr3	169663843.0	169663863.0
250514_VIC_CFB_TSS_Enhancers_520	ENSG00000085276	chr3	169663783.0	169663803.0
250514_VIC_CFB_TSS_Enhancers_512	ENSG00000085276	chr3	169663636.0	169663656.0
250514_VIC_CFB_TSS_Enhancers_523	ENSG00000085276	chr3	169663826.0	169663846.0
250514_VIC_CFB_TSS_Enhancers_519	ENSG00000085276	chr3	169663782.0	169663802.0
250514_VIC_CFB_TSS_Enhancers_189_verified	ENSG00000085276	chr3	169663623.0	169663643.0
250514_VIC_CFB_TSS_Enhancers_228_verified	ENSG00000085276	chr3	169663697.0	169663716.0
250514_VIC_CFB_TSS_Enhancers_346_verified	ENSG00000085276	chr3	169663674.0	169663693.0
250514_VIC_CFB_TSS_Enhancers_349_verified	ENSG00000085276	chr3	169663653.0	169663673.0
250514_VIC_CFB_TSS_Enhancers_971	ENSG00000049618	chr6	156777914.0	156777934.0
250514_VIC_CFB_TSS_Enhancers_972	ENSG00000049618	chr6	156777923.0	156777943.0
250514_VIC_CFB_TSS_Enhancers_978	ENSG00000049618	chr6	156778080.0	156778100.0
250514_VIC_CFB_TSS_Enhancers_975	ENSG00000049618	chr6	156777985.0	156778005.0
250514_VIC_CFB_TSS_Enhancers_968	ENSG00000049618	chr6	156777736.0	156777756.0
250514_VIC_CFB_TSS_Enhancers_974	ENSG00000049618	chr6	156777970.0	156777990.0
250514_VIC_CFB_TSS_Enhancers_977	ENSG00000049618	chr6	156778073.0	156778093.0
250514_VIC_CFB_TSS_Enhancers_973	ENSG00000049618	chr6	156777960.0	156777980.0
250514_VIC_CFB_TSS_Enhancers_979	ENSG00000049618	chr6	156778091.0	156778111.0
250514_VIC_CFB_TSS_Enhancers_980	ENSG00000049618	chr6	156778104.0	156778124.0
250514_VIC_CFB_TSS_Enhancers_970	ENSG00000049618	chr6	156777835.0	156777855.0
250514_VIC_CFB_TSS_Enhancers_976	ENSG00000049618	chr6	156777992.0	156778012.0
250514_VIC_CFB_TSS_Enhancers_967	ENSG00000049618	chr6	156777679.0	156777699.0
250514_VIC_CFB_TSS_Enhancers_198_verified	ENSG00000049618	chr6	156777679.0	156777681.0
250514_VIC_CFB_TSS_Enhancers_209_verified	ENSG00000049618	chr6	156777679.0	156777691.0
250514_VIC_CFB_TSS_Enhancers_912	ENSG00000112837	chr6	84764117.0	84764137.0
250514_VIC_CFB_TSS_Enhancers_918	ENSG00000112837	chr6	84764359.0	84764379.0
250514_VIC_CFB_TSS_Enhancers_911	ENSG00000112837	chr6	84764060.0	84764080.0
250514_VIC_CFB_TSS_Enhancers_907	ENSG00000112837	chr6	84763990.0	84764010.0
250514_VIC_CFB_TSS_Enhancers_910	ENSG00000112837	chr6	84764045.0	84764065.0
250514_VIC_CFB_TSS_Enhancers_916	ENSG00000112837	chr6	84764208.0	84764228.0
250514_VIC_CFB_TSS_Enhancers_913	ENSG00000112837	chr6	84764164.0	84764184.0
250514_VIC_CFB_TSS_Enhancers_909	ENSG00000112837	chr6	84764040.0	84764060.0
250514_VIC_CFB_TSS_Enhancers_914	ENSG00000112837	chr6	84764199.0	84764219.0
250514_VIC_CFB_TSS_Enhancers_921	ENSG00000112837	chr6	84764462.0	84764482.0
250514_VIC_CFB_TSS_Enhancers_917	ENSG00000112837	chr6	84764299.0	84764319.0
250514_VIC_CFB_TSS_Enhancers_915	ENSG00000112837	chr6	84764204.0	84764224.0
250514_VIC_CFB_TSS_Enhancers_908	ENSG00000112837	chr6	84764008.0	84764028.0
250514_VIC_CFB_TSS_Enhancers_205_verified	ENSG00000112837	chr6	84764393.0	84764413.0
250514_VIC_CFB_TSS_Enhancers_430_verified	ENSG00000112837	chr6	84764348.0	84764368.0
250514_VIC_CFB_TSS_Enhancers_2293	ENSG00000005339	chr16	3880671.0	3880691.0
250514_VIC_CFB_TSS_Enhancers_2292	ENSG00000005339	chr16	3880650.0	3880670.0
250514_VIC_CFB_TSS_Enhancers_2296	ENSG00000005339	chr16	3880799.0	3880819.0
250514_VIC_CFB_TSS_Enhancers_2299	ENSG00000005339	chr16	3880857.0	3880877.0
250514_VIC_CFB_TSS_Enhancers_2291	ENSG00000005339	chr16	3880622.0	3880642.0
250514_VIC_CFB_TSS_Enhancers_2295	ENSG00000005339	chr16	3880744.0	3880764.0
250514_VIC_CFB_TSS_Enhancers_2289	ENSG00000005339	chr16	3880533.0	3880553.0
250514_VIC_CFB_TSS_Enhancers_2300	ENSG00000005339	chr16	3880877.0	3880897.0
250514_VIC_CFB_TSS_Enhancers_2297	ENSG00000005339	chr16	3880833.0	3880853.0
250514_VIC_CFB_TSS_Enhancers_2301	ENSG00000005339	chr16	3880902.0	3880922.0
250514_VIC_CFB_TSS_Enhancers_206_verified	ENSG00000005339	chr16	3880640.0	3880660.0
250514_VIC_CFB_TSS_Enhancers_238_verified	ENSG00000005339	chr16	3880674.0	3880693.0
250514_VIC_CFB_TSS_Enhancers_356_verified	ENSG00000005339	chr16	3880633.0	3880653.0
250514_VIC_CFB_TSS_Enhancers_383_verified	ENSG00000005339	chr16	3880655.0	3880674.0
250514_VIC_CFB_TSS_Enhancers_429_verified	ENSG00000005339	chr16	3880621.0	3880641.0
250514_VIC_CFB_TSS_Enhancers_2702	ENSG00000197381	chr21	45074687.0	45074707.0
250514_VIC_CFB_TSS_Enhancers_2703	ENSG00000197381	chr21	45074724.0	45074744.0
250514_VIC_CFB_TSS_Enhancers_2698	ENSG00000197381	chr21	45074472.0	45074492.0
250514_VIC_CFB_TSS_Enhancers_2696	ENSG00000197381	chr21	45074410.0	45074430.0
250514_VIC_CFB_TSS_Enhancers_2704	ENSG00000197381	chr21	45074740.0	45074760.0
250514_VIC_CFB_TSS_Enhancers_2692	ENSG00000197381	chr21	45074335.0	45074355.0
250514_VIC_CFB_TSS_Enhancers_2695	ENSG00000197381	chr21	45074400.0	45074420.0
250514_VIC_CFB_TSS_Enhancers_2697	ENSG00000197381	chr21	45074443.0	45074463.0
250514_VIC_CFB_TSS_Enhancers_2700	ENSG00000197381	chr21	45074631.0	45074651.0
250514_VIC_CFB_TSS_Enhancers_219_verified	ENSG00000197381	chr21	45074641.0	45074661.0
250514_VIC_CFB_TSS_Enhancers_220_verified	ENSG00000197381	chr21	45074759.0	45074779.0
250514_VIC_CFB_TSS_Enhancers_223_verified	ENSG00000197381	chr21	45074633.0	45074653.0
250514_VIC_CFB_TSS_Enhancers_229_verified	ENSG00000197381	chr21	45074624.0	45074644.0
250514_VIC_CFB_TSS_Enhancers_308_verified	ENSG00000197381	chr21	45074666.0	45074686.0
250514_VIC_CFB_TSS_Enhancers_330_verified	ENSG00000197381	chr21	45074749.0	45074769.0
250514_VIC_CFB_TSS_Enhancers_2136	ENSG00000119681	chr14	74612551.0	74612571.0
250514_VIC_CFB_TSS_Enhancers_2122	ENSG00000119681	chr14	74612089.0	74612109.0
250514_VIC_CFB_TSS_Enhancers_2133	ENSG00000119681	chr14	74612464.0	74612484.0
250514_VIC_CFB_TSS_Enhancers_2128	ENSG00000119681	chr14	74612308.0	74612328.0
250514_VIC_CFB_TSS_Enhancers_2124	ENSG00000119681	chr14	74612143.0	74612163.0
250514_VIC_CFB_TSS_Enhancers_2132	ENSG00000119681	chr14	74612448.0	74612468.0
250514_VIC_CFB_TSS_Enhancers_2129	ENSG00000119681	chr14	74612347.0	74612367.0
250514_VIC_CFB_TSS_Enhancers_2123	ENSG00000119681	chr14	74612124.0	74612144.0
250514_VIC_CFB_TSS_Enhancers_2127	ENSG00000119681	chr14	74612282.0	74612302.0
250514_VIC_CFB_TSS_Enhancers_2135	ENSG00000119681	chr14	74612545.0	74612565.0
250514_VIC_CFB_TSS_Enhancers_2125	ENSG00000119681	chr14	74612190.0	74612210.0
250514_VIC_CFB_TSS_Enhancers_243_verified	ENSG00000119681	chr14	74612203.0	74612222.0
250514_VIC_CFB_TSS_Enhancers_244_verified	ENSG00000119681	chr14	74612145.0	74612165.0
250514_VIC_CFB_TSS_Enhancers_377_verified	ENSG00000119681	chr14	74612134.0	74612154.0
250514_VIC_CFB_TSS_Enhancers_400_verified	ENSG00000119681	chr14	74612192.0	74612212.0
250514_VIC_CFB_TSS_Enhancers_718	ENSG00000151617	chr4	147481158.0	147481178.0
250514_VIC_CFB_TSS_Enhancers_717	ENSG00000151617	chr4	147481153.0	147481173.0
250514_VIC_CFB_TSS_Enhancers_711	ENSG00000151617	chr4	147480942.0	147480962.0
250514_VIC_CFB_TSS_Enhancers_708	ENSG00000151617	chr4	147480792.0	147480812.0
250514_VIC_CFB_TSS_Enhancers_705	ENSG00000151617	chr4	147480702.0	147480722.0
250514_VIC_CFB_TSS_Enhancers_714	ENSG00000151617	chr4	147481036.0	147481056.0
250514_VIC_CFB_TSS_Enhancers_715	ENSG00000151617	chr4	147481106.0	147481126.0
250514_VIC_CFB_TSS_Enhancers_712	ENSG00000151617	chr4	147480979.0	147480999.0
250514_VIC_CFB_TSS_Enhancers_707	ENSG00000151617	chr4	147480763.0	147480783.0
250514_VIC_CFB_TSS_Enhancers_704	ENSG00000151617	chr4	147480669.0	147480689.0
250514_VIC_CFB_TSS_Enhancers_254_verified	ENSG00000151617	chr4	147481168.0	147481182.0
250514_VIC_CFB_TSS_Enhancers_270_verified	ENSG00000151617	chr4	147481113.0	147481132.0
250514_VIC_CFB_TSS_Enhancers_339_verified	ENSG00000151617	chr4	147481175.0	147481182.0
250514_VIC_CFB_TSS_Enhancers_369_verified	ENSG00000151617	chr4	147481153.0	147481172.0
250514_VIC_CFB_TSS_Enhancers_413_verified	ENSG00000151617	chr4	147481107.0	147481126.0
250514_VIC_CFB_TSS_Enhancers_2119	ENSG00000184304	chr14	29927814.0	29927834.0
250514_VIC_CFB_TSS_Enhancers_2120	ENSG00000184304	chr14	29927820.0	29927840.0
250514_VIC_CFB_TSS_Enhancers_2111	ENSG00000184304	chr14	29927501.0	29927521.0
250514_VIC_CFB_TSS_Enhancers_2117	ENSG00000184304	chr14	29927753.0	29927773.0
250514_VIC_CFB_TSS_Enhancers_2110	ENSG00000184304	chr14	29927491.0	29927511.0
250514_VIC_CFB_TSS_Enhancers_2108	ENSG00000184304	chr14	29927462.0	29927482.0
250514_VIC_CFB_TSS_Enhancers_2112	ENSG00000184304	chr14	29927594.0	29927614.0
250514_VIC_CFB_TSS_Enhancers_2113	ENSG00000184304	chr14	29927635.0	29927655.0
250514_VIC_CFB_TSS_Enhancers_2121	ENSG00000184304	chr14	29927836.0	29927856.0
250514_VIC_CFB_TSS_Enhancers_2114	ENSG00000184304	chr14	29927664.0	29927684.0
250514_VIC_CFB_TSS_Enhancers_2109	ENSG00000184304	chr14	29927472.0	29927492.0
250514_VIC_CFB_TSS_Enhancers_255_verified	ENSG00000184304	chr14	29927768.0	29927788.0
250514_VIC_CFB_TSS_Enhancers_273_verified	ENSG00000184304	chr14	29927739.0	29927759.0
250514_VIC_CFB_TSS_Enhancers_331_verified	ENSG00000184304	chr14	29927802.0	29927821.0
250514_VIC_CFB_TSS_Enhancers_410_verified	ENSG00000184304	chr14	29927821.0	29927840.0
250514_VIC_CFB_TSS_Enhancers_1693	ENSG00000197859	chr9	133535013.0	133535033.0
250514_VIC_CFB_TSS_Enhancers_1690	ENSG00000197859	chr9	133534943.0	133534963.0
250514_VIC_CFB_TSS_Enhancers_1686	ENSG00000197859	chr9	133534831.0	133534851.0
250514_VIC_CFB_TSS_Enhancers_1689	ENSG00000197859	chr9	133534916.0	133534936.0
250514_VIC_CFB_TSS_Enhancers_1692	ENSG00000197859	chr9	133535005.0	133535025.0
250514_VIC_CFB_TSS_Enhancers_1683	ENSG00000197859	chr9	133534690.0	133534710.0
250514_VIC_CFB_TSS_Enhancers_1694	ENSG00000197859	chr9	133535049.0	133535069.0
250514_VIC_CFB_TSS_Enhancers_1682	ENSG00000197859	chr9	133534660.0	133534680.0
250514_VIC_CFB_TSS_Enhancers_1681	ENSG00000197859	chr9	133534633.0	133534653.0
250514_VIC_CFB_TSS_Enhancers_1688	ENSG00000197859	chr9	133534881.0	133534901.0
250514_VIC_CFB_TSS_Enhancers_1687	ENSG00000197859	chr9	133534857.0	133534877.0
250514_VIC_CFB_TSS_Enhancers_261_verified	ENSG00000197859	chr9	133534899.0	133534919.0
250514_VIC_CFB_TSS_Enhancers_347_verified	ENSG00000197859	chr9	133534659.0	133534678.0
250514_VIC_CFB_TSS_Enhancers_414_verified	ENSG00000197859	chr9	133534942.0	133534962.0
250514_VIC_CFB_TSS_Enhancers_423_verified	ENSG00000197859	chr9	133534732.0	133534752.0
250514_VIC_CFB_TSS_Enhancers_713	ENSG00000151617	chr4	147481000.0	147481020.0
250514_VIC_CFB_TSS_Enhancers_706	ENSG00000151617	chr4	147480729.0	147480749.0
250514_VIC_CFB_TSS_Enhancers_127	ENSG00000092969	chr1	218345220.0	218345240.0
250514_VIC_CFB_TSS_Enhancers_129	ENSG00000092969	chr1	218345319.0	218345339.0
250514_VIC_CFB_TSS_Enhancers_130	ENSG00000092969	chr1	218345323.0	218345343.0
250514_VIC_CFB_TSS_Enhancers_126	ENSG00000092969	chr1	218345195.0	218345215.0
250514_VIC_CFB_TSS_Enhancers_124	ENSG00000092969	chr1	218345170.0	218345190.0
250514_VIC_CFB_TSS_Enhancers_135	ENSG00000092969	chr1	218345501.0	218345521.0
250514_VIC_CFB_TSS_Enhancers_134	ENSG00000092969	chr1	218345483.0	218345503.0
250514_VIC_CFB_TSS_Enhancers_128	ENSG00000092969	chr1	218345303.0	218345323.0
250514_VIC_CFB_TSS_Enhancers_122	ENSG00000092969	chr1	218345123.0	218345143.0
250514_VIC_CFB_TSS_Enhancers_121	ENSG00000092969	chr1	218345084.0	218345104.0
250514_VIC_CFB_TSS_Enhancers_131	ENSG00000092969	chr1	218345337.0	218345357.0
250514_VIC_CFB_TSS_Enhancers_132	ENSG00000092969	chr1	218345449.0	218345469.0
250514_VIC_CFB_TSS_Enhancers_278_verified	ENSG00000092969	chr1	218345369.0	218345389.0
250514_VIC_CFB_TSS_Enhancers_289_verified	ENSG00000092969	chr1	218345352.0	218345371.0
250514_VIC_CFB_TSS_Enhancers_364_verified	ENSG00000092969	chr1	218345514.0	218345533.0
250514_VIC_CFB_TSS_Enhancers_585	ENSG00000109339	chr4	86360043.0	86360063.0
250514_VIC_CFB_TSS_Enhancers_594	ENSG00000109339	chr4	86360324.0	86360344.0
250514_VIC_CFB_TSS_Enhancers_592	ENSG00000109339	chr4	86360211.0	86360231.0
250514_VIC_CFB_TSS_Enhancers_588	ENSG00000109339	chr4	86360064.0	86360084.0
250514_VIC_CFB_TSS_Enhancers_587	ENSG00000109339	chr4	86360059.0	86360079.0
250514_VIC_CFB_TSS_Enhancers_590	ENSG00000109339	chr4	86360132.0	86360152.0
250514_VIC_CFB_TSS_Enhancers_596	ENSG00000109339	chr4	86360371.0	86360391.0
250514_VIC_CFB_TSS_Enhancers_583	ENSG00000109339	chr4	86359993.0	86360013.0
250514_VIC_CFB_TSS_Enhancers_591	ENSG00000109339	chr4	86360134.0	86360154.0
250514_VIC_CFB_TSS_Enhancers_589	ENSG00000109339	chr4	86360082.0	86360102.0
250514_VIC_CFB_TSS_Enhancers_597	ENSG00000109339	chr4	86360437.0	86360457.0
250514_VIC_CFB_TSS_Enhancers_595	ENSG00000109339	chr4	86360343.0	86360363.0
250514_VIC_CFB_TSS_Enhancers_291_verified	ENSG00000109339	chr4	86360022.0	86360041.0
250514_VIC_CFB_TSS_Enhancers_344_verified	ENSG00000109339	chr4	86360043.0	86360062.0
250514_VIC_CFB_TSS_Enhancers_379_verified	ENSG00000109339	chr4	86360049.0	86360069.0
250514_VIC_CFB_TSS_Enhancers_1793	ENSG00000156650	chr10	74826436.0	74826456.0
250514_VIC_CFB_TSS_Enhancers_1796	ENSG00000156650	chr10	74826504.0	74826524.0
250514_VIC_CFB_TSS_Enhancers_1786	ENSG00000156650	chr10	74826170.0	74826190.0
250514_VIC_CFB_TSS_Enhancers_1797	ENSG00000156650	chr10	74826531.0	74826551.0
250514_VIC_CFB_TSS_Enhancers_1798	ENSG00000156650	chr10	74826547.0	74826567.0
250514_VIC_CFB_TSS_Enhancers_1795	ENSG00000156650	chr10	74826486.0	74826506.0
250514_VIC_CFB_TSS_Enhancers_1787	ENSG00000156650	chr10	74826220.0	74826240.0
250514_VIC_CFB_TSS_Enhancers_1799	ENSG00000156650	chr10	74826586.0	74826606.0
250514_VIC_CFB_TSS_Enhancers_1800	ENSG00000156650	chr10	74826616.0	74826636.0
250514_VIC_CFB_TSS_Enhancers_1790	ENSG00000156650	chr10	74826308.0	74826328.0
250514_VIC_CFB_TSS_Enhancers_1791	ENSG00000156650	chr10	74826353.0	74826373.0
250514_VIC_CFB_TSS_Enhancers_1788	ENSG00000156650	chr10	74826228.0	74826248.0
250514_VIC_CFB_TSS_Enhancers_304_verified	ENSG00000156650	chr10	74826651.0	74826662.0
250514_VIC_CFB_TSS_Enhancers_417_verified	ENSG00000156650	chr10	74826617.0	74826636.0
250514_VIC_CFB_TSS_Enhancers_422_verified	ENSG00000156650	chr10	74826657.0	74826662.0
250514_VIC_CFB_TSS_Enhancers_105	ENSG00000162670	chr1	190478088.0	190478108.0
250514_VIC_CFB_TSS_Enhancers_93	ENSG00000162670	chr1	190477732.0	190477752.0
250514_VIC_CFB_TSS_Enhancers_92	ENSG00000162670	chr1	190477731.0	190477751.0
250514_VIC_CFB_TSS_Enhancers_103	ENSG00000162670	chr1	190478043.0	190478063.0
250514_VIC_CFB_TSS_Enhancers_99	ENSG00000162670	chr1	190477924.0	190477944.0
250514_VIC_CFB_TSS_Enhancers_91	ENSG00000162670	chr1	190477652.0	190477672.0
250514_VIC_CFB_TSS_Enhancers_95	ENSG00000162670	chr1	190477769.0	190477789.0
250514_VIC_CFB_TSS_Enhancers_100	ENSG00000162670	chr1	190477925.0	190477945.0
250514_VIC_CFB_TSS_Enhancers_98	ENSG00000162670	chr1	190477900.0	190477920.0
250514_VIC_CFB_TSS_Enhancers_104	ENSG00000162670	chr1	190478068.0	190478088.0
250514_VIC_CFB_TSS_Enhancers_102	ENSG00000162670	chr1	190477981.0	190478001.0
250514_VIC_CFB_TSS_Enhancers_101	ENSG00000162670	chr1	190477966.0	190477986.0
250514_VIC_CFB_TSS_Enhancers_97	ENSG00000162670	chr1	190477849.0	190477869.0
250514_VIC_CFB_TSS_Enhancers_94	ENSG00000162670	chr1	190477738.0	190477758.0
250514_VIC_CFB_TSS_Enhancers_397_verified	ENSG00000162670	chr1	190477734.0	190477753.0
250514_VIC_CFB_TSS_Enhancers_2741	ENSG00000102290	chrX	91779376.0	91779396.0
250514_VIC_CFB_TSS_Enhancers_2738	ENSG00000102290	chrX	91779372.0	91779392.0
250514_VIC_CFB_TSS_Enhancers_2740	ENSG00000102290	chrX	91779375.0	91779395.0
250514_VIC_CFB_TSS_Enhancers_2737	ENSG00000102290	chrX	91779316.0	91779336.0
250514_VIC_CFB_TSS_Enhancers_2742	ENSG00000102290	chrX	91779379.0	91779399.0
250514_VIC_CFB_TSS_Enhancers_398_verified	ENSG00000102290	chrX	91779373.0	91779392.0
250610_positive_ctrl_1	ENSG00000068305	chr15	99566035.0	99566054.0
250610_positive_ctrl_2	ENSG00000137764	chr15	67542809.0	67542829.0
250610_positive_ctrl_3	ENSG00000068305	chr15	99565800.0	99565819.0
250610_positive_ctrl_4	ENSG00000198561	chr11	57761829.0	57761849.0
250610_positive_ctrl_5	ENSG00000198561	chr11	57761802.0	57761822.0
250610_positive_ctrl_6	ENSG00000101126	chr20	50931149.0	50931169.0
250610_positive_ctrl_7	ENSG00000132640	chr20	11890857.0	11890877.0
250610_positive_ctrl_8	ENSG00000079246	chr2	216109409.0	216109429.0
250610_positive_ctrl_9	ENSG00000079246	chr2	216109348.0	216109367.0
250610_positive_ctrl_10	ENSG00000136758	chr10	27154179.0	27154198.0
250610_essential_TSS_Enhancers_1	ENSG00000151779	chr2	15561275.0	15561294.0
250610_essential_TSS_Enhancers_2	ENSG00000092108	chr14	30622557.0	30622565.0
250610_essential_TSS_Enhancers_3	ENSG00000140988	chr16	1964741.0	1964760.0
250610_essential_TSS_Enhancers_4	ENSG00000231500	chr6	33272132.0	33272151.0
250610_essential_TSS_Enhancers_5	ENSG00000171634	chr17	67825551.0	67825571.0
250610_essential_TSS_Enhancers_6	ENSG00000131558	chr7	133253161.0	133253181.0
250610_essential_TSS_Enhancers_7	ENSG00000112306	chr6	132814545.0	132814564.0
250610_essential_TSS_Enhancers_8	ENSG00000112249	chr6	100881291.0	100881310.0
250610_essential_TSS_Enhancers_9	ENSG00000231500	chr6	33272120.0	33272139.0
250610_essential_TSS_Enhancers_10	ENSG00000171634	chr17	67825521.0	67825541.0
250610_essential_TSS_Enhancers_11	ENSG00000092108	chr14	30622370.0	30622389.0
250610_essential_TSS_Enhancers_12	ENSG00000171634	chr17	67825562.0	67825582.0
250610_essential_TSS_Enhancers_13	ENSG00000131558	chr7	133253316.0	133253328.0
250610_essential_TSS_Enhancers_14	ENSG00000134419	chr16	18790116.0	18790136.0
250610_essential_TSS_Enhancers_15	ENSG00000171634	chr17	67825530.0	67825549.0
250610_essential_TSS_Enhancers_16	ENSG00000140988	chr16	1964757.0	1964776.0
250610_essential_TSS_Enhancers_17	ENSG00000131558	chr7	133253144.0	133253164.0
250610_essential_TSS_Enhancers_18	ENSG00000134419	chr16	18790306.0	18790325.0
250610_essential_TSS_Enhancers_19	ENSG00000231500	chr6	33272158.0	33272178.0
250610_essential_TSS_Enhancers_20	ENSG00000112306	chr6	132814760.0	132814780.0
250610_essential_TSS_Enhancers_21	ENSG00000092108	chr14	30622307.0	30622327.0
250610_essential_TSS_Enhancers_22	ENSG00000112701	chr6	75601972.0	75601992.0
250610_essential_TSS_Enhancers_23	ENSG00000171634	chr17	67825498.0	67825517.0
250610_essential_TSS_Enhancers_24	ENSG00000140988	chr16	1964682.0	1964701.0
250610_essential_TSS_Enhancers_25	ENSG00000112249	chr6	100881358.0	100881377.0
250610_essential_TSS_Enhancers_26	ENSG00000134419	chr16	18790237.0	18790257.0
250610_essential_TSS_Enhancers_27	ENSG00000112306	chr6	132814582.0	132814602.0
250610_essential_TSS_Enhancers_28	ENSG00000112701	chr6	75601911.0	75601931.0
250610_essential_TSS_Enhancers_29	ENSG00000112249	chr6	100881373.0	100881392.0
250610_essential_TSS_Enhancers_30	ENSG00000112249	chr6	100881300.0	100881319.0
250610_essential_TSS_Enhancers_31	ENSG00000231500	chr6	33272150.0	33272170.0
250610_essential_TSS_Enhancers_32	ENSG00000151779	chr2	15561107.0	15561126.0
250610_essential_TSS_Enhancers_33	ENSG00000151779	chr2	15561120.0	15561140.0
250610_essential_TSS_Enhancers_34	ENSG00000092108	chr14	30622322.0	30622342.0
250610_essential_TSS_Enhancers_35	ENSG00000092108	chr14	30622503.0	30622523.0
250610_essential_TSS_Enhancers_36	ENSG00000140988	chr16	1964770.0	1964790.0
250610_essential_TSS_Enhancers_37	ENSG00000231500	chr6	33272143.0	33272162.0
250610_essential_TSS_Enhancers_38	ENSG00000131558	chr7	133253245.0	133253265.0
250610_essential_TSS_Enhancers_39	ENSG00000151779	chr2	15561300.0	15561319.0
250610_essential_TSS_Enhancers_40	ENSG00000134419	chr16	18790247.0	18790266.0
250610_essential_TSS_Enhancers_41	ENSG00000140988	chr16	1964778.0	1964797.0
250610_essential_TSS_Enhancers_42	ENSG00000112306	chr6	132814769.0	132814789.0
250610_essential_TSS_Enhancers_43	ENSG00000131558	chr7	133253082.0	133253102.0
250610_essential_TSS_Enhancers_44	ENSG00000112306	chr6	132814606.0	132814625.0
250610_essential_TSS_Enhancers_45	ENSG00000134419	chr16	18790254.0	18790273.0
250610_essential_TSS_Enhancers_46	ENSG00000171634	chr17	67825535.0	67825554.0
250610_essential_TSS_Enhancers_47	ENSG00000112249	chr6	100881235.0	100881254.0
250610_essential_TSS_Enhancers_48	ENSG00000112306	chr6	132814612.0	132814632.0
250610_essential_TSS_Enhancers_49	ENSG00000231500	chr6	33272105.0	33272125.0
250610_essential_TSS_Enhancers_50	ENSG00000140988	chr16	1964734.0	1964754.0
250610_essential_TSS_Enhancers_51	ENSG00000134419	chr16	18790106.0	18790126.0
250610_essential_TSS_Enhancers_52	ENSG00000131558	chr7	133253092.0	133253112.0
250610_essential_TSS_Enhancers_53	ENSG00000112249	chr6	100881262.0	100881282.0
250610_essential_TSS_Enhancers_54	ENSG00000112701	chr6	75601942.0	75601962.0
250610_essential_TSS_Enhancers_55	ENSG00000112701	chr6	75601897.0	75601916.0
250610_essential_TSS_Enhancers_56	ENSG00000112701	chr6	75601902.0	75601922.0
250610_essential_TSS_Enhancers_57	ENSG00000092108	chr14	30622378.0	30622398.0
250610_essential_TSS_Enhancers_58	ENSG00000151779	chr2	15561305.0	15561325.0
250610_essential_TSS_Enhancers_59	ENSG00000151779	chr2	15561258.0	15561278.0
